Year,Tm,Rnd,Pos_x,cnt
2005,ARI,1,DB,1
2005,ARI,2,RB,1
2005,ARI,3,DB,1
2005,ARI,3,LB,1
2005,ARI,4,OL,1
2005,ARI,5,LB,1
2005,ARI,7,WR,1
2005,ATL,1,WR,1
2005,ATL,2,DL,1
2005,ATL,3,LB,1
2005,ATL,4,DL,1
2005,ATL,5,LB,1
2005,ATL,5,OL,1
2005,ATL,6,RB,1
2005,ATL,7,DL,1
2005,BAL,1,WR,1
2005,BAL,2,DL,1
2005,BAL,2,OL,1
2005,BAL,4,OL,1
2005,BAL,5,RB,1
2005,BAL,6,QB,1
2005,BAL,7,LB,1
2005,BUF,2,WR,1
2005,BUF,3,TE,1
2005,BUF,4,OL,1
2005,BUF,5,DB,1
2005,BUF,6,OL,1
2005,BUF,7,RB,1
2005,CAR,1,LB,1
2005,CAR,2,RB,1
2005,CAR,3,DL,1
2005,CAR,3,OL,1
2005,CAR,4,QB,1
2005,CAR,5,DB,1
2005,CAR,5,LB,1
2005,CAR,5,OL,1
2005,CAR,6,DL,1
2005,CAR,6,OL,1
2005,CHI,1,RB,1
2005,CHI,2,WR,1
2005,CHI,4,QB,1
2005,CHI,5,WR,1
2005,CHI,6,DB,1
2005,CHI,7,DB,1
2005,CIN,1,LB,1
2005,CIN,2,LB,1
2005,CIN,3,WR,1
2005,CIN,4,OL,1
2005,CIN,5,OL,1
2005,CIN,6,WR,1
2005,CIN,7,DL,1
2005,CLE,1,WR,1
2005,CLE,2,DB,1
2005,CLE,3,QB,1
2005,CLE,4,DB,1
2005,CLE,5,DL,1
2005,CLE,6,DL,1
2005,CLE,6,LB,1
2005,CLE,7,OL,1
2005,DAL,1,DL,1
2005,DAL,1,LB,1
2005,DAL,2,LB,1
2005,DAL,4,DL,1
2005,DAL,4,RB,1
2005,DAL,6,DB,1
2005,DAL,6,OL,1
2005,DAL,7,DL,1
2005,DEN,2,DB,1
2005,DEN,3,DB,2
2005,DEN,3,RB,1
2005,DEN,6,OL,1
2005,DEN,7,K,1
2005,DET,1,WR,1
2005,DET,2,DL,1
2005,DET,3,DB,1
2005,DET,5,QB,1
2005,DET,6,DL,2
2005,GNB,1,QB,1
2005,GNB,2,DB,1
2005,GNB,2,WR,1
2005,GNB,4,DB,1
2005,GNB,4,LB,1
2005,GNB,5,DB,1
2005,GNB,5,OL,1
2005,GNB,6,DL,1
2005,GNB,6,WR,1
2005,GNB,7,DB,1
2005,GNB,7,OL,1
2005,HOU,1,DL,1
2005,HOU,3,RB,1
2005,HOU,4,WR,1
2005,HOU,5,OL,1
2005,HOU,6,DB,1
2005,HOU,7,DL,1
2005,IND,1,DB,1
2005,IND,2,DB,1
2005,IND,3,DL,1
2005,IND,4,DB,1
2005,IND,4,OL,1
2005,IND,5,DL,1
2005,IND,5,LB,1
2005,IND,5,OL,1
2005,IND,6,K,1
2005,IND,7,RB,1
2005,JAX,1,WR,1
2005,JAX,2,OL,1
2005,JAX,3,DB,1
2005,JAX,4,RB,1
2005,JAX,5,DB,1
2005,JAX,6,LB,1
2005,JAX,6,WR,1
2005,JAX,7,DB,1
2005,KAN,1,LB,2
2005,KAN,3,P,1
2005,KAN,4,WR,1
2005,KAN,5,DB,1
2005,KAN,5,LB,1
2005,KAN,6,DL,1
2005,KAN,6,OL,1
2005,KAN,7,OL,1
2005,KAN,7,QB,1
2005,MIA,1,RB,1
2005,MIA,2,DL,1
2005,MIA,3,LB,1
2005,MIA,4,DB,1
2005,MIA,5,OL,1
2005,MIA,7,DL,1
2005,MIN,1,DL,1
2005,MIN,1,WR,1
2005,MIN,2,OL,1
2005,MIN,3,DB,1
2005,MIN,4,RB,1
2005,MIN,6,DL,1
2005,MIN,7,DB,1
2005,NOR,1,OL,1
2005,NOR,2,DB,1
2005,NOR,3,LB,1
2005,NOR,4,WR,1
2005,NOR,5,QB,1
2005,NOR,6,DL,1
2005,NOR,7,DL,1
2005,NWE,1,OL,1
2005,NWE,3,DB,1
2005,NWE,3,OL,1
2005,NWE,4,DB,1
2005,NWE,5,LB,1
2005,NWE,7,QB,1
2005,NWE,7,TE,1
2005,NYG,2,DB,1
2005,NYG,3,DL,1
2005,NYG,4,RB,1
2005,NYG,6,DL,1
2005,NYJ,2,DB,1
2005,NYJ,2,K,1
2005,NYJ,3,DL,1
2005,NYJ,4,DB,1
2005,NYJ,5,DB,1
2005,NYJ,6,RB,1
2005,NYJ,6,TE,1
2005,NYJ,7,WR,1
2005,OAK,1,DB,1
2005,OAK,2,DB,1
2005,OAK,3,LB,1
2005,OAK,3,QB,1
2005,OAK,6,DL,2
2005,OAK,6,OL,1
2005,PHI,1,DL,1
2005,PHI,2,LB,1
2005,PHI,2,WR,1
2005,PHI,3,RB,1
2005,PHI,4,DB,1
2005,PHI,4,OL,1
2005,PHI,5,DL,1
2005,PHI,5,OL,1
2005,PHI,6,OL,1
2005,PHI,7,DL,1
2005,PHI,7,LB,1
2005,PIT,1,TE,1
2005,PIT,2,DB,1
2005,PIT,3,OL,1
2005,PIT,4,WR,1
2005,PIT,5,LB,1
2005,PIT,6,OL,1
2005,PIT,7,DL,1
2005,PIT,7,RB,1
2005,SDG,1,DL,1
2005,SDG,1,LB,1
2005,SDG,2,WR,1
2005,SDG,4,RB,1
2005,SDG,5,OL,1
2005,SDG,6,OL,1
2005,SDG,7,OL,1
2005,SEA,1,OL,1
2005,SEA,2,LB,1
2005,SEA,3,LB,1
2005,SEA,3,QB,1
2005,SEA,4,OL,1
2005,SEA,5,LB,1
2005,SEA,6,TE,1
2005,SEA,7,LB,1
2005,SEA,7,OL,1
2005,SFO,1,QB,2
2005,SFO,2,OL,1
2005,SFO,3,OL,1
2005,SFO,3,RB,1
2005,SFO,5,DL,1
2005,SFO,5,WR,1
2005,SFO,6,DB,2
2005,SFO,7,DB,1
2005,SFO,7,TE,2
2005,SFO,7,WR,1
2005,STL,1,OL,1
2005,STL,2,DB,1
2005,STL,3,DB,1
2005,STL,3,OL,1
2005,STL,4,DB,1
2005,STL,4,OL,1
2005,STL,5,TE,1
2005,STL,6,P,1
2005,STL,6,WR,1
2005,STL,7,QB,1
2005,STL,7,RB,1
2005,TAM,1,RB,1
2005,TAM,2,LB,1
2005,TAM,3,OL,1
2005,TAM,3,TE,2
2005,TAM,4,OL,1
2005,TAM,5,DB,1
2005,TAM,5,WR,1
2005,TAM,6,DL,1
2005,TAM,7,DB,1
2005,TAM,7,RB,1
2005,TAM,7,WR,2
2005,TEN,1,DB,1
2005,TEN,2,OL,1
2005,TEN,3,WR,2
2005,TEN,4,DB,1
2005,TEN,4,OL,1
2005,TEN,4,WR,1
2005,TEN,5,OL,1
2005,TEN,5,RB,1
2005,TEN,6,TE,1
2005,TEN,7,DB,1
2005,WAS,1,DB,1
2005,WAS,1,QB,1
2005,WAS,4,RB,1
2005,WAS,5,LB,1
2005,WAS,6,LB,1
2005,WAS,7,RB,1
2006,ARI,1,QB,1
2006,ARI,2,OL,1
2006,ARI,3,TE,1
2006,ARI,4,DL,1
2006,ARI,5,LB,1
2006,ARI,6,DL,1
2006,ARI,7,WR,1
2006,ATL,2,DB,1
2006,ATL,3,RB,1
2006,ATL,5,OL,1
2006,ATL,6,WR,1
2006,ATL,7,QB,1
2006,BAL,1,DL,1
2006,BAL,2,OL,1
2006,BAL,3,DB,1
2006,BAL,4,RB,1
2006,BAL,4,WR,1
2006,BAL,5,DB,1
2006,BAL,5,TE,1
2006,BAL,6,DB,1
2006,BAL,6,P,1
2006,BAL,7,LB,1
2006,BUF,1,DB,1
2006,BUF,1,DL,1
2006,BUF,3,DB,1
2006,BUF,4,DB,1
2006,BUF,5,DL,1
2006,BUF,5,OL,1
2006,BUF,6,LB,1
2006,BUF,7,OL,2
2006,CAR,1,RB,1
2006,CAR,2,DB,1
2006,CAR,3,LB,1
2006,CAR,3,OL,1
2006,CAR,4,DB,1
2006,CAR,5,TE,1
2006,CAR,7,DL,1
2006,CAR,7,OL,1
2006,CHI,2,DB,2
2006,CHI,3,DL,1
2006,CHI,4,LB,1
2006,CHI,5,DL,1
2006,CHI,6,OL,1
2006,CHI,6,RB,1
2006,CIN,1,DB,1
2006,CIN,2,OL,1
2006,CIN,3,DL,1
2006,CIN,4,DL,1
2006,CIN,5,LB,1
2006,CIN,6,QB,1
2006,CIN,7,WR,2
2006,CLE,1,DL,1
2006,CLE,2,LB,1
2006,CLE,3,WR,1
2006,CLE,4,LB,1
2006,CLE,4,OL,1
2006,CLE,5,DB,1
2006,CLE,5,RB,1
2006,CLE,6,DL,1
2006,CLE,6,RB,1
2006,CLE,7,RB,1
2006,DAL,1,LB,1
2006,DAL,2,TE,1
2006,DAL,3,DL,1
2006,DAL,4,WR,1
2006,DAL,5,DB,1
2006,DAL,6,DL,1
2006,DAL,7,OL,2
2006,DEN,1,QB,1
2006,DEN,2,TE,1
2006,DEN,4,DL,1
2006,DEN,4,WR,2
2006,DEN,5,OL,1
2006,DEN,6,OL,1
2006,DET,1,LB,1
2006,DET,2,DB,1
2006,DET,3,RB,1
2006,DET,5,OL,1
2006,DET,6,DB,1
2006,DET,7,LB,1
2006,DET,7,OL,1
2006,GNB,1,LB,1
2006,GNB,2,OL,1
2006,GNB,2,WR,1
2006,GNB,3,LB,1
2006,GNB,3,OL,1
2006,GNB,4,DB,1
2006,GNB,4,WR,1
2006,GNB,5,OL,1
2006,GNB,5,QB,1
2006,GNB,6,DB,1
2006,GNB,6,DL,1
2006,GNB,7,DL,1
2006,HOU,1,DL,1
2006,HOU,2,LB,1
2006,HOU,3,OL,2
2006,HOU,4,TE,1
2006,HOU,6,RB,1
2006,HOU,7,WR,1
2006,IND,1,RB,1
2006,IND,2,DB,1
2006,IND,3,LB,1
2006,IND,5,OL,1
2006,IND,6,DB,1
2006,IND,6,OL,1
2006,IND,7,DB,1
2006,JAX,1,TE,1
2006,JAX,2,RB,1
2006,JAX,3,LB,1
2006,JAX,5,DL,1
2006,JAX,7,DB,1
2006,JAX,7,DL,1
2006,KAN,1,DL,1
2006,KAN,2,DB,1
2006,KAN,3,QB,1
2006,KAN,5,DB,1
2006,KAN,6,OL,1
2006,KAN,6,WR,1
2006,KAN,7,DB,1
2006,MIA,1,DB,1
2006,MIA,3,WR,1
2006,MIA,4,OL,1
2006,MIA,7,DL,2
2006,MIA,7,WR,1
2006,MIN,1,LB,1
2006,MIN,2,DB,1
2006,MIN,2,OL,1
2006,MIN,2,QB,1
2006,MIN,4,DL,1
2006,MIN,5,DB,1
2006,NOR,1,RB,1
2006,NOR,2,DB,1
2006,NOR,4,OL,1
2006,NOR,5,DL,1
2006,NOR,6,DB,1
2006,NOR,6,WR,1
2006,NOR,7,OL,1
2006,NOR,7,WR,1
2006,NWE,1,RB,1
2006,NWE,2,WR,1
2006,NWE,3,TE,1
2006,NWE,4,K,1
2006,NWE,4,RB,1
2006,NWE,5,OL,1
2006,NWE,6,DL,2
2006,NWE,6,OL,1
2006,NWE,7,DB,1
2006,NYG,1,DL,1
2006,NYG,2,WR,1
2006,NYG,3,LB,1
2006,NYG,4,DL,2
2006,NYG,5,DB,1
2006,NYG,7,DB,1
2006,NYJ,1,OL,2
2006,NYJ,2,QB,1
2006,NYJ,3,DB,1
2006,NYJ,3,LB,1
2006,NYJ,4,QB,1
2006,NYJ,4,RB,1
2006,NYJ,5,TE,1
2006,NYJ,6,DB,1
2006,NYJ,7,DL,1
2006,OAK,1,DB,1
2006,OAK,2,LB,1
2006,OAK,3,OL,1
2006,OAK,4,DB,1
2006,OAK,6,OL,1
2006,OAK,7,OL,1
2006,OAK,7,WR,1
2006,PHI,1,DL,1
2006,PHI,2,OL,1
2006,PHI,3,DL,1
2006,PHI,4,OL,1
2006,PHI,4,WR,1
2006,PHI,5,DB,1
2006,PHI,5,LB,1
2006,PHI,6,DL,1
2006,PIT,1,WR,1
2006,PIT,3,DB,1
2006,PIT,3,WR,1
2006,PIT,4,DL,1
2006,PIT,4,OL,1
2006,PIT,5,QB,1
2006,PIT,5,TE,1
2006,PIT,6,OL,1
2006,PIT,7,RB,1
2006,SDG,1,DB,1
2006,SDG,2,OL,1
2006,SDG,3,QB,1
2006,SDG,5,LB,1
2006,SDG,6,K,1
2006,SDG,6,OL,1
2006,SDG,7,DL,1
2006,SDG,7,OL,1
2006,SEA,1,DB,1
2006,SEA,2,DL,1
2006,SEA,4,OL,1
2006,SEA,5,RB,1
2006,SEA,7,P,1
2006,SEA,7,WR,1
2006,SFO,1,DL,1
2006,SFO,1,TE,1
2006,SFO,3,WR,1
2006,SFO,4,WR,1
2006,SFO,5,DL,1
2006,SFO,6,DB,1
2006,SFO,6,DL,1
2006,SFO,6,WR,1
2006,SFO,7,DB,1
2006,STL,1,DB,1
2006,STL,2,TE,1
2006,STL,3,DL,1
2006,STL,3,LB,1
2006,STL,3,TE,1
2006,STL,4,DL,1
2006,STL,5,WR,1
2006,STL,7,LB,1
2006,STL,7,OL,2
2006,TAM,1,OL,1
2006,TAM,2,OL,1
2006,TAM,3,WR,1
2006,TAM,4,DB,1
2006,TAM,5,DL,1
2006,TAM,6,QB,1
2006,TAM,6,TE,1
2006,TAM,7,DB,1
2006,TAM,7,LB,1
2006,TAM,7,TE,1
2006,TEN,1,QB,1
2006,TEN,2,RB,1
2006,TEN,4,DB,1
2006,TEN,4,LB,1
2006,TEN,5,DL,1
2006,TEN,5,LB,1
2006,TEN,6,WR,1
2006,TEN,7,DB,1
2006,TEN,7,LB,1
2006,TEN,7,RB,1
2006,WAS,2,LB,1
2006,WAS,5,OL,1
2006,WAS,6,DB,1
2006,WAS,6,DL,1
2006,WAS,7,LB,1
2006,WAS,7,OL,1
2007,ARI,1,OL,1
2007,ARI,2,DL,1
2007,ARI,3,LB,2
2007,ARI,5,WR,1
2007,ARI,7,TE,1
2007,ATL,1,DL,1
2007,ATL,2,DB,1
2007,ATL,2,OL,1
2007,ATL,3,WR,1
2007,ATL,4,LB,1
2007,ATL,4,TE,1
2007,ATL,6,DB,2
2007,ATL,6,DL,1
2007,ATL,6,OL,1
2007,ATL,7,RB,1
2007,BAL,1,OL,1
2007,BAL,3,OL,1
2007,BAL,3,WR,1
2007,BAL,4,LB,1
2007,BAL,4,RB,1
2007,BAL,5,QB,1
2007,BAL,6,LB,1
2007,BUF,1,RB,1
2007,BUF,2,LB,1
2007,BUF,3,QB,1
2007,BUF,4,RB,1
2007,BUF,6,DB,1
2007,BUF,7,DL,1
2007,BUF,7,TE,1
2007,CAR,1,LB,1
2007,CAR,2,OL,1
2007,CAR,2,WR,1
2007,CAR,3,DL,1
2007,CAR,4,WR,1
2007,CAR,5,LB,1
2007,CAR,5,TE,1
2007,CAR,7,DB,1
2007,CHI,1,TE,1
2007,CHI,2,DL,1
2007,CHI,3,LB,1
2007,CHI,3,RB,1
2007,CHI,4,OL,1
2007,CHI,5,DB,2
2007,CHI,7,DB,1
2007,CHI,7,OL,1
2007,CIN,1,DB,1
2007,CIN,2,RB,1
2007,CIN,4,DB,1
2007,CIN,5,QB,1
2007,CIN,6,DL,1
2007,CIN,7,DB,1
2007,CIN,7,OL,1
2007,CLE,1,OL,1
2007,CLE,1,QB,1
2007,CLE,2,DB,1
2007,CLE,5,DB,1
2007,CLE,6,DL,1
2007,CLE,7,DL,1
2007,CLE,7,WR,1
2007,DAL,1,DL,1
2007,DAL,3,OL,1
2007,DAL,4,OL,1
2007,DAL,4,QB,1
2007,DAL,6,K,1
2007,DAL,6,RB,1
2007,DAL,7,DB,2
2007,DEN,1,DL,1
2007,DEN,2,DL,1
2007,DEN,3,OL,1
2007,DEN,4,DL,1
2007,DET,1,WR,1
2007,DET,2,DB,1
2007,DET,2,DL,1
2007,DET,2,QB,1
2007,DET,4,DB,1
2007,DET,4,OL,1
2007,DET,5,LB,1
2007,DET,7,DB,1
2007,GNB,1,DL,1
2007,GNB,2,RB,1
2007,GNB,3,DB,1
2007,GNB,3,WR,1
2007,GNB,4,OL,1
2007,GNB,5,WR,1
2007,GNB,6,K,1
2007,GNB,6,LB,2
2007,GNB,7,RB,1
2007,GNB,7,TE,1
2007,HOU,1,DL,1
2007,HOU,3,WR,1
2007,HOU,4,DB,1
2007,HOU,5,DB,1
2007,HOU,5,OL,1
2007,HOU,6,OL,1
2007,HOU,7,LB,1
2007,IND,1,WR,1
2007,IND,2,OL,1
2007,IND,3,DB,1
2007,IND,3,DL,1
2007,IND,4,DB,1
2007,IND,4,LB,1
2007,IND,5,DB,1
2007,IND,5,WR,1
2007,IND,7,DL,1
2007,JAX,1,DB,1
2007,JAX,2,LB,1
2007,JAX,3,WR,1
2007,JAX,4,DL,1
2007,JAX,4,P,1
2007,JAX,5,DB,1
2007,JAX,5,DL,1
2007,JAX,5,OL,1
2007,JAX,7,LB,1
2007,JAX,7,OL,1
2007,JAX,7,WR,1
2007,KAN,1,WR,1
2007,KAN,2,DL,1
2007,KAN,3,DL,1
2007,KAN,5,K,1
2007,KAN,5,RB,1
2007,KAN,6,OL,1
2007,KAN,7,TE,1
2007,MIA,1,WR,1
2007,MIA,2,OL,1
2007,MIA,2,QB,1
2007,MIA,3,RB,1
2007,MIA,4,DL,1
2007,MIA,6,OL,1
2007,MIA,6,RB,1
2007,MIA,7,DL,1
2007,MIA,7,LB,1
2007,MIA,7,P,1
2007,MIN,1,RB,1
2007,MIN,2,WR,1
2007,MIN,3,DB,1
2007,MIN,4,DL,1
2007,MIN,5,WR,1
2007,MIN,6,LB,1
2007,MIN,7,QB,1
2007,MIN,7,WR,1
2007,NOR,1,WR,1
2007,NOR,3,DB,1
2007,NOR,3,OL,1
2007,NOR,4,OL,1
2007,NOR,4,RB,1
2007,NOR,5,DB,1
2007,NOR,7,LB,1
2007,NWE,1,DB,1
2007,NWE,4,DL,1
2007,NWE,5,OL,1
2007,NWE,6,DB,1
2007,NWE,6,LB,1
2007,NWE,6,OL,1
2007,NWE,6,RB,1
2007,NWE,7,LB,1
2007,NWE,7,OL,1
2007,NYG,1,DB,1
2007,NYG,2,WR,1
2007,NYG,3,DL,1
2007,NYG,4,LB,1
2007,NYG,5,TE,1
2007,NYG,6,OL,1
2007,NYG,7,DB,1
2007,NYG,7,RB,1
2007,NYJ,1,DB,1
2007,NYJ,2,LB,1
2007,NYJ,6,OL,1
2007,NYJ,7,WR,1
2007,OAK,1,QB,1
2007,OAK,2,TE,1
2007,OAK,3,DL,2
2007,OAK,3,WR,1
2007,OAK,4,DB,1
2007,OAK,4,RB,1
2007,OAK,5,DB,1
2007,OAK,5,DL,1
2007,OAK,6,RB,1
2007,OAK,7,WR,1
2007,PHI,2,DL,1
2007,PHI,2,QB,1
2007,PHI,3,LB,1
2007,PHI,3,RB,1
2007,PHI,5,DB,1
2007,PHI,5,TE,1
2007,PHI,6,DB,1
2007,PHI,7,RB,1
2007,PIT,1,LB,1
2007,PIT,2,DL,1
2007,PIT,3,TE,1
2007,PIT,4,DL,1
2007,PIT,4,P,1
2007,PIT,5,DB,1
2007,PIT,5,OL,1
2007,PIT,7,WR,1
2007,SDG,1,WR,1
2007,SDG,2,DB,1
2007,SDG,3,LB,1
2007,SDG,4,TE,1
2007,SDG,5,WR,1
2007,SDG,7,LB,1
2007,SEA,2,DB,1
2007,SEA,3,DL,1
2007,SEA,4,DL,1
2007,SEA,4,OL,1
2007,SEA,5,LB,1
2007,SEA,6,WR,2
2007,SEA,7,OL,1
2007,SFO,1,LB,1
2007,SFO,1,OL,1
2007,SFO,3,DL,1
2007,SFO,3,WR,1
2007,SFO,4,DB,1
2007,SFO,4,DL,2
2007,SFO,5,DB,1
2007,SFO,6,RB,1
2007,STL,1,DL,1
2007,STL,2,RB,1
2007,STL,3,DB,1
2007,STL,5,DL,1
2007,STL,5,OL,1
2007,STL,6,OL,1
2007,STL,7,DL,1
2007,STL,7,WR,1
2007,TAM,1,DL,1
2007,TAM,2,LB,1
2007,TAM,2,OL,1
2007,TAM,3,LB,1
2007,TAM,4,DB,1
2007,TAM,5,DL,1
2007,TAM,6,LB,1
2007,TAM,7,DB,1
2007,TAM,7,OL,1
2007,TAM,7,RB,1
2007,TEN,1,DB,1
2007,TEN,2,RB,1
2007,TEN,3,WR,1
2007,TEN,4,OL,1
2007,TEN,4,WR,1
2007,TEN,5,DL,1
2007,TEN,6,DB,1
2007,TEN,6,DL,1
2007,TEN,6,WR,1
2007,TEN,7,OL,1
2007,WAS,1,DB,1
2007,WAS,5,LB,1
2007,WAS,6,LB,1
2007,WAS,6,QB,1
2007,WAS,7,TE,1
2008,ARI,1,DB,1
2008,ARI,2,DL,1
2008,ARI,3,WR,1
2008,ARI,4,DL,1
2008,ARI,5,RB,1
2008,ARI,6,DL,1
2008,ARI,7,OL,1
2008,ATL,1,OL,1
2008,ATL,1,QB,1
2008,ATL,2,LB,1
2008,ATL,3,DB,2
2008,ATL,3,WR,1
2008,ATL,5,LB,2
2008,ATL,6,RB,1
2008,ATL,7,DB,1
2008,ATL,7,TE,1
2008,BAL,1,QB,1
2008,BAL,2,RB,1
2008,BAL,3,DB,1
2008,BAL,3,LB,1
2008,BAL,3,OL,1
2008,BAL,4,OL,1
2008,BAL,4,WR,1
2008,BAL,6,DB,1
2008,BAL,7,RB,1
2008,BAL,7,WR,1
2008,BUF,1,DB,1
2008,BUF,2,WR,1
2008,BUF,3,DL,1
2008,BUF,4,DB,1
2008,BUF,4,TE,1
2008,BUF,5,LB,1
2008,BUF,6,RB,1
2008,BUF,7,DB,1
2008,BUF,7,OL,1
2008,BUF,7,WR,1
2008,CAR,1,OL,1
2008,CAR,1,RB,1
2008,CAR,3,DB,1
2008,CAR,3,LB,1
2008,CAR,5,TE,1
2008,CAR,6,DL,1
2008,CAR,7,LB,1
2008,CAR,7,OL,2
2008,CHI,1,OL,1
2008,CHI,2,RB,1
2008,CHI,3,DL,1
2008,CHI,3,WR,1
2008,CHI,4,DB,1
2008,CHI,5,DB,1
2008,CHI,5,TE,1
2008,CHI,7,DL,1
2008,CHI,7,LB,1
2008,CHI,7,OL,2
2008,CHI,7,WR,1
2008,CIN,1,LB,1
2008,CIN,2,WR,1
2008,CIN,3,DL,1
2008,CIN,3,WR,1
2008,CIN,4,OL,1
2008,CIN,5,DL,1
2008,CIN,6,DB,1
2008,CIN,6,TE,1
2008,CIN,7,LB,1
2008,CIN,7,WR,1
2008,CLE,4,LB,1
2008,CLE,4,TE,1
2008,CLE,6,DL,1
2008,CLE,6,WR,1
2008,CLE,7,LB,1
2008,DAL,1,DB,1
2008,DAL,1,RB,1
2008,DAL,2,TE,1
2008,DAL,4,RB,1
2008,DAL,5,DB,1
2008,DAL,6,DL,1
2008,DEN,1,OL,1
2008,DEN,2,WR,1
2008,DEN,4,DB,1
2008,DEN,4,OL,1
2008,DEN,5,DL,1
2008,DEN,5,RB,1
2008,DEN,6,LB,1
2008,DEN,7,DB,1
2008,DEN,7,RB,1
2008,DET,1,OL,1
2008,DET,2,LB,1
2008,DET,3,DL,1
2008,DET,3,LB,1
2008,DET,3,RB,1
2008,DET,5,RB,1
2008,DET,5,WR,1
2008,DET,7,DB,1
2008,DET,7,DL,1
2008,GNB,2,DB,1
2008,GNB,2,QB,1
2008,GNB,2,WR,1
2008,GNB,3,TE,1
2008,GNB,4,DL,1
2008,GNB,4,OL,1
2008,GNB,5,OL,1
2008,GNB,7,QB,1
2008,GNB,7,WR,1
2008,HOU,1,OL,1
2008,HOU,3,DB,1
2008,HOU,3,RB,1
2008,HOU,4,LB,1
2008,HOU,5,DL,1
2008,HOU,6,DB,1
2008,HOU,7,QB,1
2008,IND,2,OL,1
2008,IND,3,LB,1
2008,IND,4,TE,1
2008,IND,5,LB,1
2008,IND,6,OL,1
2008,IND,6,RB,1
2008,IND,6,TE,1
2008,IND,6,WR,1
2008,IND,7,OL,1
2008,JAX,1,DL,1
2008,JAX,2,DL,1
2008,JAX,5,DB,1
2008,JAX,5,LB,1
2008,JAX,7,RB,1
2008,KAN,1,DL,1
2008,KAN,1,OL,1
2008,KAN,2,DB,1
2008,KAN,3,DB,1
2008,KAN,3,RB,1
2008,KAN,3,TE,1
2008,KAN,4,WR,1
2008,KAN,5,DB,1
2008,KAN,6,OL,1
2008,KAN,6,WR,1
2008,KAN,7,DL,1
2008,KAN,7,TE,1
2008,MIA,1,OL,1
2008,MIA,2,DL,1
2008,MIA,2,QB,1
2008,MIA,3,DL,1
2008,MIA,4,OL,1
2008,MIA,6,OL,1
2008,MIA,6,RB,2
2008,MIA,7,DL,1
2008,MIN,2,DB,1
2008,MIN,5,DL,1
2008,MIN,5,QB,1
2008,MIN,6,OL,1
2008,MIN,6,WR,1
2008,NOR,1,DL,1
2008,NOR,2,DB,1
2008,NOR,5,DL,1
2008,NOR,5,OL,1
2008,NOR,6,K,1
2008,NOR,7,WR,1
2008,NWE,1,LB,1
2008,NWE,2,DB,1
2008,NWE,3,LB,1
2008,NWE,3,QB,1
2008,NWE,4,DB,1
2008,NWE,5,WR,1
2008,NWE,6,LB,1
2008,NYG,1,DB,1
2008,NYG,2,DB,1
2008,NYG,3,WR,1
2008,NYG,4,LB,1
2008,NYG,5,LB,1
2008,NYG,6,DL,1
2008,NYG,6,QB,1
2008,NYJ,1,DL,1
2008,NYJ,1,TE,1
2008,NYJ,4,DB,1
2008,NYJ,5,QB,1
2008,NYJ,6,WR,1
2008,NYJ,7,OL,1
2008,OAK,1,RB,1
2008,OAK,4,DB,1
2008,OAK,4,WR,1
2008,OAK,6,DL,1
2008,OAK,7,WR,1
2008,PHI,2,DL,1
2008,PHI,2,WR,1
2008,PHI,3,LB,1
2008,PHI,4,DB,2
2008,PHI,4,OL,1
2008,PHI,6,LB,2
2008,PHI,6,OL,1
2008,PHI,7,OL,1
2008,PIT,1,RB,1
2008,PIT,2,WR,1
2008,PIT,3,LB,1
2008,PIT,4,OL,1
2008,PIT,5,QB,1
2008,PIT,6,DB,1
2008,PIT,6,LB,1
2008,SDG,1,DB,1
2008,SDG,3,RB,1
2008,SDG,5,RB,1
2008,SDG,6,DB,1
2008,SDG,7,OL,1
2008,SEA,1,DL,1
2008,SEA,2,TE,1
2008,SEA,4,DL,1
2008,SEA,5,RB,1
2008,SEA,6,LB,1
2008,SEA,7,K,1
2008,SEA,7,RB,1
2008,SFO,1,DL,1
2008,SFO,2,OL,1
2008,SFO,3,DB,1
2008,SFO,4,OL,1
2008,SFO,6,WR,1
2008,SFO,7,LB,1
2008,STL,1,DL,1
2008,STL,2,WR,1
2008,STL,3,OL,1
2008,STL,4,DB,1
2008,STL,4,WR,1
2008,STL,5,OL,1
2008,STL,7,DB,1
2008,STL,7,LB,1
2008,TAM,1,DB,1
2008,TAM,2,WR,1
2008,TAM,3,OL,1
2008,TAM,4,DL,1
2008,TAM,5,QB,1
2008,TAM,6,LB,1
2008,TAM,7,RB,1
2008,TEN,1,RB,1
2008,TEN,2,DL,1
2008,TEN,3,TE,1
2008,TEN,4,DL,1
2008,TEN,4,LB,1
2008,TEN,4,WR,1
2008,TEN,7,DB,1
2008,WAS,2,TE,1
2008,WAS,2,WR,2
2008,WAS,3,OL,1
2008,WAS,4,DB,1
2008,WAS,6,DB,1
2008,WAS,6,P,1
2008,WAS,6,QB,1
2008,WAS,7,DB,1
2008,WAS,7,DL,1
2009,ARI,1,RB,1
2009,ARI,2,LB,1
2009,ARI,3,DB,1
2009,ARI,4,DB,1
2009,ARI,5,OL,1
2009,ARI,6,DL,1
2009,ARI,7,OL,1
2009,ARI,7,RB,1
2009,ATL,1,DL,1
2009,ATL,2,DB,1
2009,ATL,3,DB,1
2009,ATL,4,DL,1
2009,ATL,5,DB,1
2009,ATL,5,OL,1
2009,ATL,6,LB,1
2009,ATL,7,DL,1
2009,BAL,1,OL,1
2009,BAL,2,DL,1
2009,BAL,3,DB,1
2009,BAL,5,LB,1
2009,BAL,5,TE,1
2009,BAL,6,RB,1
2009,BUF,1,DL,1
2009,BUF,1,OL,1
2009,BUF,2,DB,1
2009,BUF,2,OL,1
2009,BUF,4,TE,1
2009,BUF,5,LB,1
2009,BUF,6,DB,1
2009,BUF,7,DB,1
2009,CAR,2,DB,1
2009,CAR,2,DL,1
2009,CAR,3,DL,1
2009,CAR,4,RB,2
2009,CAR,5,OL,1
2009,CAR,7,DB,1
2009,CHI,3,DL,1
2009,CHI,3,WR,1
2009,CHI,4,DB,1
2009,CHI,4,DL,1
2009,CHI,5,LB,1
2009,CHI,5,WR,1
2009,CHI,6,DB,1
2009,CHI,7,OL,1
2009,CHI,7,WR,1
2009,CIN,1,OL,1
2009,CIN,2,LB,1
2009,CIN,3,DL,1
2009,CIN,3,TE,1
2009,CIN,4,OL,1
2009,CIN,5,P,1
2009,CIN,6,DB,1
2009,CIN,6,RB,1
2009,CIN,7,DL,1
2009,CIN,7,RB,1
2009,CIN,7,WR,1
2009,CLE,1,OL,1
2009,CLE,2,LB,1
2009,CLE,2,WR,2
2009,CLE,4,LB,1
2009,CLE,6,DB,2
2009,CLE,6,RB,1
2009,DAL,3,LB,1
2009,DAL,3,OL,1
2009,DAL,4,DL,1
2009,DAL,4,LB,1
2009,DAL,4,QB,1
2009,DAL,5,DB,2
2009,DAL,5,K,1
2009,DAL,6,DB,1
2009,DAL,6,TE,1
2009,DAL,7,DB,1
2009,DAL,7,WR,1
2009,DEN,1,DL,1
2009,DEN,1,RB,1
2009,DEN,2,DB,2
2009,DEN,2,TE,1
2009,DEN,4,DB,1
2009,DEN,4,OL,1
2009,DEN,5,WR,1
2009,DEN,6,QB,1
2009,DEN,7,OL,1
2009,DET,1,QB,1
2009,DET,1,TE,1
2009,DET,2,DB,1
2009,DET,3,LB,1
2009,DET,3,WR,1
2009,DET,4,DL,1
2009,DET,6,RB,1
2009,DET,7,LB,1
2009,DET,7,OL,1
2009,DET,7,TE,1
2009,GNB,1,DL,1
2009,GNB,1,LB,1
2009,GNB,4,OL,1
2009,GNB,5,OL,1
2009,GNB,5,RB,1
2009,GNB,6,DB,1
2009,GNB,6,DL,1
2009,GNB,7,LB,1
2009,HOU,1,LB,1
2009,HOU,2,DL,1
2009,HOU,3,OL,1
2009,HOU,4,DB,1
2009,HOU,4,TE,1
2009,HOU,5,TE,1
2009,HOU,6,DB,1
2009,HOU,7,DB,1
2009,IND,1,RB,1
2009,IND,2,DL,1
2009,IND,3,DB,1
2009,IND,4,DL,1
2009,IND,4,WR,1
2009,IND,6,QB,1
2009,IND,7,K,1
2009,IND,7,OL,1
2009,JAX,1,OL,1
2009,JAX,2,OL,1
2009,JAX,3,DB,1
2009,JAX,3,DL,1
2009,JAX,4,WR,1
2009,JAX,5,WR,1
2009,JAX,6,TE,1
2009,JAX,7,RB,1
2009,JAX,7,WR,1
2009,KAN,1,DL,1
2009,KAN,3,DL,1
2009,KAN,4,DB,1
2009,KAN,5,OL,1
2009,KAN,6,WR,1
2009,KAN,7,K,1
2009,KAN,7,RB,1
2009,KAN,7,TE,1
2009,MIA,1,DB,1
2009,MIA,2,DB,1
2009,MIA,2,QB,1
2009,MIA,3,WR,1
2009,MIA,4,WR,1
2009,MIA,5,DB,1
2009,MIA,5,TE,1
2009,MIA,6,OL,1
2009,MIA,7,LB,1
2009,MIN,1,WR,1
2009,MIN,2,OL,1
2009,MIN,3,DB,1
2009,MIN,5,LB,1
2009,MIN,7,DB,1
2009,NOR,1,DB,1
2009,NOR,4,DB,1
2009,NOR,4,LB,1
2009,NOR,5,P,1
2009,NWE,2,DB,2
2009,NWE,2,DL,1
2009,NWE,2,OL,1
2009,NWE,3,LB,1
2009,NWE,3,WR,1
2009,NWE,4,OL,1
2009,NWE,5,OL,1
2009,NWE,6,DL,1
2009,NWE,6,OL,1
2009,NWE,7,DL,1
2009,NWE,7,WR,1
2009,NYG,1,WR,1
2009,NYG,2,LB,1
2009,NYG,2,OL,1
2009,NYG,3,TE,1
2009,NYG,3,WR,1
2009,NYG,4,RB,1
2009,NYG,5,QB,1
2009,NYG,6,DB,1
2009,NYG,7,DB,1
2009,NYJ,1,QB,1
2009,NYJ,3,RB,1
2009,NYJ,6,OL,1
2009,OAK,1,WR,1
2009,OAK,2,DB,1
2009,OAK,3,DL,1
2009,OAK,4,DL,1
2009,OAK,4,WR,1
2009,OAK,6,DL,1
2009,OAK,6,TE,1
2009,PHI,1,WR,1
2009,PHI,2,RB,1
2009,PHI,5,DB,1
2009,PHI,5,OL,1
2009,PHI,5,TE,1
2009,PHI,6,WR,1
2009,PHI,7,LB,1
2009,PHI,7,OL,1
2009,PIT,1,DL,1
2009,PIT,3,DB,1
2009,PIT,3,OL,1
2009,PIT,3,WR,1
2009,PIT,5,DB,1
2009,PIT,5,RB,1
2009,PIT,6,DL,1
2009,PIT,7,OL,1
2009,PIT,7,TE,1
2009,SDG,1,LB,1
2009,SDG,3,OL,1
2009,SDG,4,DL,1
2009,SDG,4,OL,1
2009,SDG,4,RB,1
2009,SDG,5,DB,1
2009,SDG,6,LB,1
2009,SDG,7,WR,1
2009,SEA,1,LB,1
2009,SEA,2,OL,1
2009,SEA,3,WR,1
2009,SEA,6,QB,1
2009,SEA,7,DB,1
2009,SEA,7,DL,1
2009,SEA,7,TE,1
2009,SFO,1,WR,1
2009,SFO,3,RB,1
2009,SFO,5,LB,1
2009,SFO,5,QB,1
2009,SFO,6,TE,1
2009,SFO,7,DB,1
2009,SFO,7,DL,1
2009,STL,1,OL,1
2009,STL,2,LB,1
2009,STL,3,DB,1
2009,STL,4,DL,1
2009,STL,5,WR,1
2009,STL,6,QB,1
2009,STL,7,RB,1
2009,TAM,1,QB,1
2009,TAM,3,DL,1
2009,TAM,4,DL,1
2009,TAM,5,OL,1
2009,TAM,7,DB,1
2009,TAM,7,WR,1
2009,TEN,1,WR,1
2009,TEN,2,DL,1
2009,TEN,3,DB,1
2009,TEN,3,TE,1
2009,TEN,4,LB,1
2009,TEN,4,OL,1
2009,TEN,5,RB,1
2009,TEN,6,DB,1
2009,TEN,6,WR,1
2009,TEN,7,DB,1
2009,TEN,7,OL,1
2009,WAS,1,LB,1
2009,WAS,3,DB,1
2009,WAS,5,LB,1
2009,WAS,6,LB,1
2009,WAS,7,RB,1
2009,WAS,7,WR,1
2010,ARI,1,DL,1
2010,ARI,2,LB,1
2010,ARI,3,WR,1
2010,ARI,4,DL,1
2010,ARI,5,QB,1
2010,ARI,6,DB,1
2010,ARI,7,TE,1
2010,ATL,1,LB,1
2010,ATL,3,DL,1
2010,ATL,3,OL,1
2010,ATL,4,OL,1
2010,ATL,5,DB,1
2010,ATL,5,WR,1
2010,ATL,6,DB,1
2010,BAL,2,DL,1
2010,BAL,2,LB,1
2010,BAL,3,TE,1
2010,BAL,4,TE,1
2010,BAL,5,DL,1
2010,BAL,5,WR,1
2010,BAL,6,OL,1
2010,BUF,1,RB,1
2010,BUF,2,DL,1
2010,BUF,3,DL,1
2010,BUF,4,WR,1
2010,BUF,5,OL,1
2010,BUF,6,DL,1
2010,BUF,6,LB,1
2010,BUF,7,OL,1
2010,BUF,7,QB,1
2010,CAR,2,QB,1
2010,CAR,3,WR,2
2010,CAR,4,LB,1
2010,CAR,6,DB,1
2010,CAR,6,DL,1
2010,CAR,6,QB,1
2010,CAR,6,WR,1
2010,CAR,7,DB,2
2010,CHI,3,DB,1
2010,CHI,4,DL,1
2010,CHI,5,DB,1
2010,CHI,6,QB,1
2010,CHI,7,OL,1
2010,CIN,1,TE,1
2010,CIN,2,DL,1
2010,CIN,3,DB,1
2010,CIN,3,WR,1
2010,CIN,4,DL,1
2010,CIN,4,LB,1
2010,CIN,5,OL,1
2010,CIN,6,WR,1
2010,CIN,7,OL,1
2010,CLE,1,DB,1
2010,CLE,2,DB,1
2010,CLE,2,RB,1
2010,CLE,3,OL,1
2010,CLE,3,QB,1
2010,CLE,5,DB,1
2010,CLE,6,DL,1
2010,CLE,6,WR,1
2010,DAL,1,WR,1
2010,DAL,2,LB,1
2010,DAL,4,DB,1
2010,DAL,6,DB,1
2010,DAL,6,OL,1
2010,DAL,7,DL,1
2010,DEN,1,QB,1
2010,DEN,1,WR,1
2010,DEN,2,OL,1
2010,DEN,3,OL,1
2010,DEN,3,WR,1
2010,DEN,5,DB,1
2010,DEN,6,OL,1
2010,DEN,7,DB,1
2010,DEN,7,DL,1
2010,DET,1,DL,1
2010,DET,1,RB,1
2010,DET,3,DB,1
2010,DET,4,OL,1
2010,DET,7,DL,1
2010,DET,7,WR,1
2010,GNB,1,OL,1
2010,GNB,2,DL,1
2010,GNB,3,DB,1
2010,GNB,5,OL,1
2010,GNB,5,TE,1
2010,GNB,6,RB,1
2010,GNB,7,DL,1
2010,HOU,1,DB,1
2010,HOU,2,RB,1
2010,HOU,3,DL,1
2010,HOU,4,LB,1
2010,HOU,4,TE,1
2010,HOU,5,DB,1
2010,HOU,6,OL,1
2010,HOU,6,WR,1
2010,HOU,7,WR,1
2010,IND,1,DL,1
2010,IND,2,LB,1
2010,IND,3,DB,1
2010,IND,4,OL,1
2010,IND,5,TE,1
2010,IND,7,DB,1
2010,IND,7,DL,1
2010,IND,7,LB,1
2010,JAX,1,DL,1
2010,JAX,3,DL,1
2010,JAX,5,DL,2
2010,JAX,6,DB,1
2010,JAX,6,RB,1
2010,KAN,1,DB,1
2010,KAN,2,DB,1
2010,KAN,2,WR,1
2010,KAN,3,OL,1
2010,KAN,3,TE,1
2010,KAN,5,DB,1
2010,KAN,5,DL,1
2010,MIA,1,DL,1
2010,MIA,2,LB,1
2010,MIA,3,OL,1
2010,MIA,4,LB,1
2010,MIA,5,DB,2
2010,MIA,7,DL,1
2010,MIA,7,LB,1
2010,MIN,2,DB,1
2010,MIN,2,RB,1
2010,MIN,4,DL,1
2010,MIN,5,LB,1
2010,MIN,5,OL,1
2010,MIN,6,WR,1
2010,MIN,7,RB,1
2010,MIN,7,TE,1
2010,NOR,1,DB,1
2010,NOR,2,OL,1
2010,NOR,3,TE,1
2010,NOR,4,DL,1
2010,NOR,5,OL,1
2010,NOR,7,QB,1
2010,NWE,1,DB,1
2010,NWE,2,LB,2
2010,NWE,2,TE,1
2010,NWE,3,WR,1
2010,NWE,4,TE,1
2010,NWE,5,P,1
2010,NWE,6,OL,1
2010,NWE,7,DL,2
2010,NWE,7,OL,1
2010,NWE,7,QB,1
2010,NYG,1,DL,1
2010,NYG,2,DL,1
2010,NYG,3,DB,1
2010,NYG,4,LB,1
2010,NYG,5,OL,1
2010,NYG,6,DL,1
2010,NYG,7,P,1
2010,NYJ,1,DB,1
2010,NYJ,2,OL,1
2010,NYJ,4,RB,1
2010,NYJ,5,RB,1
2010,OAK,1,LB,1
2010,OAK,2,DL,1
2010,OAK,3,OL,1
2010,OAK,4,OL,1
2010,OAK,4,WR,1
2010,OAK,5,DB,1
2010,OAK,6,LB,1
2010,OAK,7,DB,2
2010,PHI,1,DL,1
2010,PHI,2,DB,1
2010,PHI,3,DL,1
2010,PHI,4,DB,1
2010,PHI,4,LB,1
2010,PHI,4,QB,1
2010,PHI,4,TE,1
2010,PHI,5,DL,1
2010,PHI,5,WR,1
2010,PHI,6,RB,1
2010,PHI,7,DB,1
2010,PHI,7,DL,1
2010,PHI,7,LB,1
2010,PIT,1,OL,1
2010,PIT,2,DL,1
2010,PIT,3,WR,1
2010,PIT,4,DL,1
2010,PIT,5,DB,1
2010,PIT,5,LB,1
2010,PIT,5,OL,1
2010,PIT,6,RB,1
2010,PIT,6,WR,1
2010,PIT,7,DL,1
2010,SDG,1,RB,1
2010,SDG,3,LB,1
2010,SDG,4,DB,1
2010,SDG,5,DL,1
2010,SDG,5,QB,1
2010,SDG,7,TE,1
2010,SEA,1,DB,1
2010,SEA,1,OL,1
2010,SEA,2,WR,1
2010,SEA,4,DB,1
2010,SEA,4,DL,1
2010,SEA,5,DB,1
2010,SEA,6,TE,1
2010,SEA,7,LB,1
2010,SEA,7,TE,1
2010,SFO,1,OL,2
2010,SFO,2,DB,1
2010,SFO,3,LB,1
2010,SFO,6,RB,1
2010,SFO,6,TE,1
2010,SFO,6,WR,1
2010,SFO,7,DB,1
2010,STL,1,QB,1
2010,STL,2,OL,1
2010,STL,3,DB,1
2010,STL,4,WR,1
2010,STL,5,DL,1
2010,STL,5,TE,1
2010,STL,6,DL,1
2010,STL,6,TE,1
2010,STL,7,DB,1
2010,STL,7,DL,1
2010,STL,7,LB,1
2010,TAM,1,DL,1
2010,TAM,2,DL,1
2010,TAM,2,WR,1
2010,TAM,3,DB,1
2010,TAM,4,WR,1
2010,TAM,6,P,1
2010,TAM,7,DB,1
2010,TAM,7,DL,1
2010,TAM,7,LB,1
2010,TEN,1,DL,1
2010,TEN,3,LB,1
2010,TEN,3,WR,1
2010,TEN,4,DB,1
2010,TEN,5,DB,1
2010,TEN,6,DB,1
2010,TEN,6,QB,1
2010,TEN,7,DL,1
2010,TEN,7,WR,1
2010,WAS,1,OL,1
2010,WAS,4,LB,1
2010,WAS,6,RB,1
2010,WAS,7,OL,2
2010,WAS,7,WR,1
2011,ARI,1,DB,1
2011,ARI,2,RB,1
2011,ARI,3,TE,1
2011,ARI,4,DL,1
2011,ARI,5,RB,1
2011,ARI,6,DL,1
2011,ARI,6,LB,1
2011,ARI,7,WR,1
2011,ATL,1,WR,1
2011,ATL,3,LB,1
2011,ATL,5,RB,1
2011,ATL,6,K,1
2011,ATL,7,DL,1
2011,ATL,7,OL,1
2011,BAL,1,DB,1
2011,BAL,2,WR,1
2011,BAL,3,OL,1
2011,BAL,4,WR,1
2011,BAL,5,DB,1
2011,BAL,5,DL,1
2011,BAL,6,QB,1
2011,BAL,7,RB,1
2011,BUF,1,DL,1
2011,BUF,2,DB,1
2011,BUF,3,LB,1
2011,BUF,4,DB,1
2011,BUF,4,OL,1
2011,BUF,5,RB,1
2011,BUF,6,LB,1
2011,BUF,7,DB,1
2011,BUF,7,DL,1
2011,CAR,1,QB,1
2011,CAR,3,DL,2
2011,CAR,4,DB,1
2011,CAR,5,WR,1
2011,CAR,6,LB,1
2011,CAR,6,OL,1
2011,CAR,7,OL,1
2011,CHI,1,OL,1
2011,CHI,2,DL,1
2011,CHI,3,DB,1
2011,CHI,5,QB,1
2011,CHI,6,LB,1
2011,CIN,1,WR,1
2011,CIN,2,QB,1
2011,CIN,3,LB,1
2011,CIN,4,OL,1
2011,CIN,5,DB,1
2011,CIN,6,WR,1
2011,CIN,7,DB,1
2011,CIN,7,RB,1
2011,CLE,1,DL,1
2011,CLE,2,DL,1
2011,CLE,2,WR,1
2011,CLE,4,RB,1
2011,CLE,4,TE,1
2011,CLE,5,DB,1
2011,CLE,5,OL,1
2011,CLE,7,DB,1
2011,DAL,1,OL,1
2011,DAL,2,LB,1
2011,DAL,3,RB,1
2011,DAL,4,OL,1
2011,DAL,5,DB,1
2011,DAL,6,WR,1
2011,DAL,7,OL,1
2011,DAL,7,RB,1
2011,DEN,1,LB,1
2011,DEN,2,DB,1
2011,DEN,2,OL,1
2011,DEN,3,LB,1
2011,DEN,4,DB,1
2011,DEN,4,TE,1
2011,DEN,6,LB,1
2011,DEN,7,OL,1
2011,DEN,7,TE,1
2011,DET,1,DL,1
2011,DET,2,RB,1
2011,DET,2,WR,1
2011,DET,5,LB,1
2011,DET,7,OL,1
2011,GNB,1,OL,1
2011,GNB,2,WR,1
2011,GNB,3,RB,1
2011,GNB,4,DB,1
2011,GNB,5,TE,1
2011,GNB,6,LB,1
2011,GNB,6,OL,2
2011,GNB,7,DL,1
2011,GNB,7,TE,1
2011,HOU,1,DL,1
2011,HOU,2,DB,1
2011,HOU,2,LB,1
2011,HOU,4,DB,1
2011,HOU,5,DB,1
2011,HOU,5,QB,1
2011,HOU,7,DL,1
2011,HOU,7,OL,1
2011,IND,1,OL,1
2011,IND,2,OL,1
2011,IND,3,DL,1
2011,IND,4,RB,1
2011,IND,6,DB,1
2011,JAX,1,QB,1
2011,JAX,3,OL,1
2011,JAX,4,DB,1
2011,JAX,4,WR,1
2011,JAX,5,DB,1
2011,KAN,1,WR,1
2011,KAN,2,OL,1
2011,KAN,3,DL,1
2011,KAN,3,LB,1
2011,KAN,4,DB,1
2011,KAN,5,LB,1
2011,KAN,5,QB,1
2011,KAN,6,DL,1
2011,KAN,7,RB,1
2011,MIA,1,OL,1
2011,MIA,2,RB,1
2011,MIA,4,WR,1
2011,MIA,6,TE,1
2011,MIA,7,DB,1
2011,MIA,7,DL,1
2011,MIN,1,QB,1
2011,MIN,2,TE,1
2011,MIN,4,DL,1
2011,MIN,5,DB,1
2011,MIN,6,DB,1
2011,MIN,6,LB,1
2011,MIN,6,OL,2
2011,MIN,7,DL,1
2011,MIN,7,WR,1
2011,NOR,1,DL,1
2011,NOR,1,RB,1
2011,NOR,3,DB,1
2011,NOR,3,LB,1
2011,NOR,7,LB,1
2011,NOR,7,OL,1
2011,NWE,1,OL,1
2011,NWE,2,DB,1
2011,NWE,2,RB,1
2011,NWE,3,QB,1
2011,NWE,3,RB,1
2011,NWE,5,OL,1
2011,NWE,5,TE,1
2011,NWE,6,LB,1
2011,NWE,7,DB,1
2011,NYG,1,DB,1
2011,NYG,2,DL,1
2011,NYG,3,WR,1
2011,NYG,4,OL,1
2011,NYG,6,DB,1
2011,NYG,6,LB,2
2011,NYG,7,RB,1
2011,NYJ,1,DL,1
2011,NYJ,3,DL,1
2011,NYJ,4,RB,1
2011,NYJ,5,WR,1
2011,NYJ,7,QB,1
2011,NYJ,7,WR,1
2011,OAK,2,OL,1
2011,OAK,3,DB,1
2011,OAK,3,OL,1
2011,OAK,4,DB,1
2011,OAK,4,RB,1
2011,OAK,5,WR,1
2011,OAK,6,TE,1
2011,OAK,7,WR,1
2011,PHI,1,OL,1
2011,PHI,2,DB,1
2011,PHI,3,DB,1
2011,PHI,4,K,1
2011,PHI,4,LB,1
2011,PHI,5,OL,1
2011,PHI,5,RB,1
2011,PHI,6,LB,1
2011,PHI,6,OL,1
2011,PHI,7,LB,1
2011,PHI,7,RB,1
2011,PIT,1,DL,1
2011,PIT,2,OL,1
2011,PIT,3,DB,1
2011,PIT,4,DB,1
2011,PIT,5,LB,1
2011,PIT,6,OL,1
2011,PIT,7,RB,1
2011,SDG,1,DL,1
2011,SDG,2,DB,1
2011,SDG,2,LB,1
2011,SDG,3,DB,1
2011,SDG,3,WR,1
2011,SDG,6,OL,1
2011,SDG,6,RB,1
2011,SDG,7,LB,1
2011,SEA,1,OL,1
2011,SEA,3,OL,1
2011,SEA,4,LB,1
2011,SEA,4,WR,1
2011,SEA,5,DB,2
2011,SEA,6,DB,1
2011,SEA,7,LB,1
2011,SEA,7,OL,1
2011,SFO,1,DL,1
2011,SFO,2,QB,1
2011,SFO,3,DB,1
2011,SFO,4,RB,1
2011,SFO,5,OL,1
2011,SFO,6,DB,1
2011,SFO,6,WR,1
2011,SFO,7,DB,1
2011,SFO,7,DL,1
2011,SFO,7,OL,1
2011,STL,1,DL,1
2011,STL,2,TE,1
2011,STL,3,WR,1
2011,STL,4,WR,1
2011,STL,5,DB,1
2011,STL,7,DB,2
2011,STL,7,LB,1
2011,TAM,1,DL,1
2011,TAM,2,DL,1
2011,TAM,3,LB,1
2011,TAM,4,TE,1
2011,TAM,5,DB,1
2011,TAM,6,RB,1
2011,TAM,7,DB,1
2011,TAM,7,TE,1
2011,TEN,1,QB,1
2011,TEN,2,LB,1
2011,TEN,3,DL,1
2011,TEN,4,LB,1
2011,TEN,4,RB,1
2011,TEN,5,DL,1
2011,TEN,6,OL,1
2011,TEN,7,DB,1
2011,TEN,7,DL,1
2011,WAS,1,DL,1
2011,WAS,2,DL,1
2011,WAS,3,WR,1
2011,WAS,4,RB,1
2011,WAS,5,DB,1
2011,WAS,5,WR,1
2011,WAS,6,RB,1
2011,WAS,6,WR,1
2011,WAS,7,DB,1
2011,WAS,7,DL,2
2011,WAS,7,OL,1
2012,ARI,1,WR,1
2012,ARI,3,DB,1
2012,ARI,4,OL,1
2012,ARI,5,OL,1
2012,ARI,6,DB,1
2012,ARI,6,QB,1
2012,ARI,7,OL,1
2012,ATL,2,OL,1
2012,ATL,3,OL,1
2012,ATL,5,DL,1
2012,ATL,5,RB,1
2012,ATL,6,DB,1
2012,ATL,7,DL,1
2012,BAL,2,LB,1
2012,BAL,2,OL,1
2012,BAL,3,RB,1
2012,BAL,4,DB,1
2012,BAL,4,OL,1
2012,BAL,5,DB,1
2012,BAL,6,WR,1
2012,BAL,7,DL,1
2012,BUF,1,DB,1
2012,BUF,2,OL,1
2012,BUF,3,WR,1
2012,BUF,4,DB,1
2012,BUF,4,LB,1
2012,BUF,5,LB,1
2012,BUF,5,OL,1
2012,BUF,6,OL,1
2012,BUF,7,K,1
2012,CAR,1,LB,1
2012,CAR,2,OL,1
2012,CAR,4,DL,1
2012,CAR,4,WR,1
2012,CAR,5,DB,1
2012,CAR,6,P,1
2012,CAR,7,DB,1
2012,CHI,1,DL,1
2012,CHI,2,WR,1
2012,CHI,3,DB,1
2012,CHI,4,TE,1
2012,CHI,6,DB,1
2012,CHI,7,DB,1
2012,CIN,1,DB,1
2012,CIN,1,OL,1
2012,CIN,2,DL,1
2012,CIN,3,DL,1
2012,CIN,3,WR,1
2012,CIN,4,TE,1
2012,CIN,5,DB,2
2012,CIN,5,WR,1
2012,CIN,6,RB,1
2012,CLE,1,QB,1
2012,CLE,1,RB,1
2012,CLE,2,OL,1
2012,CLE,3,DL,1
2012,CLE,4,LB,1
2012,CLE,4,WR,1
2012,CLE,5,OL,1
2012,CLE,6,DL,1
2012,CLE,6,LB,1
2012,CLE,7,DB,1
2012,CLE,7,TE,1
2012,DAL,1,DB,1
2012,DAL,3,DL,1
2012,DAL,4,DB,1
2012,DAL,4,LB,1
2012,DAL,5,WR,1
2012,DAL,6,TE,1
2012,DAL,7,LB,1
2012,DEN,2,DL,1
2012,DEN,2,QB,1
2012,DEN,3,RB,1
2012,DEN,4,DB,1
2012,DEN,4,OL,1
2012,DEN,5,DL,1
2012,DEN,6,LB,1
2012,DET,1,OL,1
2012,DET,2,WR,1
2012,DET,3,DB,1
2012,DET,4,LB,1
2012,DET,5,DB,1
2012,DET,5,LB,1
2012,DET,6,DB,1
2012,DET,7,LB,1
2012,GNB,1,DL,1
2012,GNB,2,DB,1
2012,GNB,2,DL,1
2012,GNB,4,DB,1
2012,GNB,4,DL,1
2012,GNB,5,LB,1
2012,GNB,7,OL,1
2012,GNB,7,QB,1
2012,HOU,1,DL,1
2012,HOU,3,OL,1
2012,HOU,3,WR,1
2012,HOU,4,DL,1
2012,HOU,4,OL,1
2012,HOU,4,WR,1
2012,HOU,5,K,1
2012,HOU,6,OL,1
2012,IND,1,QB,1
2012,IND,2,TE,1
2012,IND,3,TE,1
2012,IND,3,WR,1
2012,IND,5,OL,1
2012,IND,5,RB,1
2012,IND,6,WR,1
2012,IND,7,DL,1
2012,IND,7,OL,1
2012,IND,7,QB,1
2012,JAX,1,WR,1
2012,JAX,2,LB,1
2012,JAX,3,P,1
2012,JAX,5,LB,1
2012,JAX,6,DB,1
2012,JAX,7,DL,1
2012,KAN,1,DL,1
2012,KAN,2,OL,1
2012,KAN,3,OL,1
2012,KAN,4,WR,1
2012,KAN,5,DB,1
2012,KAN,6,RB,1
2012,KAN,7,DL,1
2012,KAN,7,WR,1
2012,MIA,1,QB,1
2012,MIA,2,OL,1
2012,MIA,3,LB,1
2012,MIA,3,TE,1
2012,MIA,4,RB,1
2012,MIA,5,LB,1
2012,MIA,6,WR,1
2012,MIA,7,DL,1
2012,MIA,7,WR,1
2012,MIN,1,DB,1
2012,MIN,1,OL,1
2012,MIN,3,DB,1
2012,MIN,4,RB,1
2012,MIN,4,WR,2
2012,MIN,5,DB,1
2012,MIN,6,K,1
2012,MIN,7,DL,1
2012,MIN,7,LB,1
2012,NOR,3,DL,1
2012,NOR,4,WR,1
2012,NOR,5,DB,1
2012,NOR,6,OL,1
2012,NOR,7,OL,1
2012,NWE,1,DL,1
2012,NWE,1,LB,1
2012,NWE,2,DB,1
2012,NWE,3,DL,1
2012,NWE,6,DB,1
2012,NWE,7,DB,1
2012,NWE,7,WR,1
2012,NYG,1,RB,1
2012,NYG,2,WR,1
2012,NYG,3,DB,1
2012,NYG,4,OL,1
2012,NYG,4,TE,1
2012,NYG,6,OL,1
2012,NYG,7,DL,1
2012,NYJ,1,DL,1
2012,NYJ,2,WR,1
2012,NYJ,3,LB,1
2012,NYJ,6,DB,1
2012,NYJ,6,OL,1
2012,NYJ,6,RB,1
2012,NYJ,7,DB,1
2012,NYJ,7,WR,1
2012,OAK,3,OL,1
2012,OAK,4,LB,1
2012,OAK,5,DL,1
2012,OAK,5,WR,1
2012,OAK,6,DL,1
2012,OAK,7,LB,1
2012,PHI,1,DL,1
2012,PHI,2,DL,1
2012,PHI,2,LB,1
2012,PHI,3,QB,1
2012,PHI,4,DB,1
2012,PHI,5,OL,1
2012,PHI,6,OL,1
2012,PHI,6,WR,1
2012,PHI,7,RB,1
2012,PIT,1,OL,1
2012,PIT,2,OL,1
2012,PIT,3,LB,1
2012,PIT,4,DL,1
2012,PIT,5,RB,1
2012,PIT,7,DB,1
2012,PIT,7,OL,1
2012,PIT,7,TE,1
2012,PIT,7,WR,1
2012,SDG,1,DL,1
2012,SDG,2,DL,1
2012,SDG,3,DB,1
2012,SDG,4,TE,1
2012,SDG,5,OL,1
2012,SDG,7,OL,1
2012,SDG,7,RB,1
2012,SEA,1,DL,1
2012,SEA,2,LB,1
2012,SEA,3,QB,1
2012,SEA,4,DL,1
2012,SEA,4,RB,1
2012,SEA,5,LB,1
2012,SEA,6,DB,2
2012,SEA,7,DL,2
2012,SFO,1,WR,1
2012,SFO,2,RB,1
2012,SFO,4,OL,1
2012,SFO,5,LB,1
2012,SFO,6,DB,1
2012,SFO,6,OL,1
2012,SFO,7,DL,1
2012,STL,1,DL,1
2012,STL,2,DB,1
2012,STL,2,RB,1
2012,STL,2,WR,1
2012,STL,3,DB,1
2012,STL,4,WR,1
2012,STL,5,OL,1
2012,STL,6,K,1
2012,STL,7,LB,1
2012,STL,7,RB,1
2012,TAM,1,DB,1
2012,TAM,1,RB,1
2012,TAM,2,LB,1
2012,TAM,5,LB,1
2012,TAM,6,DB,1
2012,TAM,7,RB,1
2012,TAM,7,TE,1
2012,TEN,1,WR,1
2012,TEN,2,LB,1
2012,TEN,3,DL,1
2012,TEN,4,DB,1
2012,TEN,5,TE,1
2012,TEN,6,DB,1
2012,TEN,7,DL,1
2012,WAS,1,QB,1
2012,WAS,3,OL,1
2012,WAS,4,LB,1
2012,WAS,4,QB,1
2012,WAS,5,OL,1
2012,WAS,6,OL,1
2012,WAS,6,RB,1
2012,WAS,7,DB,2
2013,ARI,1,OL,1
2013,ARI,2,LB,1
2013,ARI,3,DB,1
2013,ARI,4,DL,1
2013,ARI,4,OL,1
2013,ARI,5,RB,1
2013,ARI,6,RB,1
2013,ARI,6,WR,1
2013,ARI,7,TE,1
2013,ATL,1,DB,1
2013,ATL,2,DB,1
2013,ATL,4,DL,1
2013,ATL,4,TE,1
2013,ATL,5,DL,1
2013,ATL,7,DB,2
2013,ATL,7,QB,1
2013,BAL,1,DB,1
2013,BAL,2,LB,1
2013,BAL,3,DL,1
2013,BAL,4,DL,1
2013,BAL,4,RB,1
2013,BAL,5,OL,1
2013,BAL,6,DL,1
2013,BAL,6,OL,1
2013,BAL,7,DB,1
2013,BAL,7,WR,1
2013,BUF,1,QB,1
2013,BUF,2,LB,1
2013,BUF,2,WR,1
2013,BUF,3,WR,1
2013,BUF,4,DB,1
2013,BUF,5,DB,1
2013,BUF,6,K,1
2013,BUF,7,TE,1
2013,CAR,1,DL,1
2013,CAR,2,DL,1
2013,CAR,4,OL,1
2013,CAR,5,LB,1
2013,CAR,6,RB,1
2013,CHI,1,OL,1
2013,CHI,2,LB,1
2013,CHI,4,LB,1
2013,CHI,5,OL,1
2013,CHI,6,LB,1
2013,CHI,7,WR,1
2013,CIN,1,TE,1
2013,CIN,2,DL,1
2013,CIN,2,RB,1
2013,CIN,3,DB,1
2013,CIN,4,LB,1
2013,CIN,5,OL,1
2013,CIN,6,RB,1
2013,CIN,6,WR,1
2013,CIN,7,OL,2
2013,CLE,1,LB,1
2013,CLE,3,DB,1
2013,CLE,6,DB,1
2013,CLE,7,DL,1
2013,CLE,7,OL,1
2013,DAL,1,OL,1
2013,DAL,2,TE,1
2013,DAL,3,DB,1
2013,DAL,3,WR,1
2013,DAL,4,DB,1
2013,DAL,5,RB,1
2013,DAL,6,LB,1
2013,DEN,1,DL,1
2013,DEN,2,RB,1
2013,DEN,3,DB,1
2013,DEN,5,DL,1
2013,DEN,5,WR,1
2013,DEN,6,OL,1
2013,DEN,7,QB,1
2013,DET,1,DL,1
2013,DET,2,DB,1
2013,DET,3,OL,1
2013,DET,4,DL,1
2013,DET,5,P,1
2013,DET,6,RB,1
2013,DET,6,WR,1
2013,DET,7,LB,1
2013,DET,7,TE,1
2013,GNB,1,DL,1
2013,GNB,2,RB,1
2013,GNB,4,OL,2
2013,GNB,4,RB,1
2013,GNB,5,DB,1
2013,GNB,5,DL,1
2013,GNB,6,LB,1
2013,GNB,7,LB,1
2013,GNB,7,WR,2
2013,HOU,1,WR,1
2013,HOU,2,DB,1
2013,HOU,3,DL,1
2013,HOU,3,OL,1
2013,HOU,4,DL,1
2013,HOU,6,DL,1
2013,HOU,6,OL,1
2013,HOU,6,TE,1
2013,HOU,6,WR,1
2013,IND,1,DL,1
2013,IND,3,OL,1
2013,IND,4,OL,1
2013,IND,5,DL,1
2013,IND,6,DB,1
2013,IND,7,RB,1
2013,IND,7,TE,1
2013,JAX,1,OL,1
2013,JAX,2,DB,1
2013,JAX,3,DB,1
2013,JAX,4,WR,1
2013,JAX,5,WR,1
2013,JAX,6,DB,1
2013,JAX,7,DB,2
2013,KAN,1,OL,1
2013,KAN,3,RB,1
2013,KAN,3,TE,1
2013,KAN,4,LB,1
2013,KAN,5,DB,1
2013,KAN,6,OL,1
2013,KAN,6,RB,1
2013,KAN,7,DL,1
2013,MIA,1,DL,1
2013,MIA,2,DB,1
2013,MIA,3,DB,1
2013,MIA,3,OL,1
2013,MIA,4,LB,1
2013,MIA,4,TE,1
2013,MIA,5,K,1
2013,MIA,5,RB,1
2013,MIA,7,DB,1
2013,MIN,1,DB,1
2013,MIN,1,DL,1
2013,MIN,1,WR,1
2013,MIN,4,LB,1
2013,MIN,5,P,1
2013,MIN,6,OL,1
2013,MIN,7,DL,1
2013,MIN,7,LB,1
2013,MIN,7,OL,1
2013,NOR,1,DB,1
2013,NOR,3,DL,1
2013,NOR,3,OL,1
2013,NOR,5,WR,1
2013,NOR,6,DL,1
2013,NWE,2,LB,1
2013,NWE,2,WR,1
2013,NWE,3,DB,2
2013,NWE,4,WR,1
2013,NWE,7,DL,1
2013,NWE,7,LB,1
2013,NYG,1,OL,1
2013,NYG,2,DL,1
2013,NYG,3,DL,1
2013,NYG,4,QB,1
2013,NYG,5,DB,1
2013,NYG,7,OL,1
2013,NYG,7,RB,1
2013,NYJ,1,DB,1
2013,NYJ,1,DL,1
2013,NYJ,2,QB,1
2013,NYJ,3,OL,1
2013,NYJ,5,OL,1
2013,NYJ,6,OL,1
2013,NYJ,7,RB,1
2013,OAK,1,DB,1
2013,OAK,2,OL,1
2013,OAK,3,LB,1
2013,OAK,4,QB,1
2013,OAK,6,DL,1
2013,OAK,6,RB,1
2013,OAK,6,TE,2
2013,OAK,7,DL,1
2013,OAK,7,WR,1
2013,PHI,1,OL,1
2013,PHI,2,TE,1
2013,PHI,3,DL,1
2013,PHI,4,QB,1
2013,PHI,5,DB,1
2013,PHI,7,DB,1
2013,PHI,7,DL,2
2013,PIT,1,LB,1
2013,PIT,2,RB,1
2013,PIT,3,WR,1
2013,PIT,4,DB,1
2013,PIT,4,QB,1
2013,PIT,5,DB,1
2013,PIT,6,LB,1
2013,PIT,6,WR,1
2013,PIT,7,DL,1
2013,SDG,1,OL,1
2013,SDG,2,LB,1
2013,SDG,3,WR,1
2013,SDG,5,DB,1
2013,SDG,6,DL,1
2013,SDG,7,QB,1
2013,SEA,2,RB,1
2013,SEA,3,DL,1
2013,SEA,4,WR,1
2013,SEA,5,DB,1
2013,SEA,5,DL,1
2013,SEA,5,TE,1
2013,SEA,6,RB,1
2013,SEA,7,DL,2
2013,SEA,7,OL,2
2013,SFO,1,DB,1
2013,SFO,2,DL,1
2013,SFO,2,TE,1
2013,SFO,3,DL,1
2013,SFO,4,RB,1
2013,SFO,4,WR,1
2013,SFO,5,DL,1
2013,SFO,6,LB,1
2013,SFO,7,DB,1
2013,SFO,7,OL,1
2013,SFO,7,QB,1
2013,STL,1,LB,1
2013,STL,1,WR,1
2013,STL,3,DB,1
2013,STL,3,WR,1
2013,STL,4,OL,1
2013,STL,5,DB,1
2013,STL,5,RB,1
2013,TAM,2,DB,1
2013,TAM,3,QB,1
2013,TAM,4,DL,2
2013,TAM,5,DL,1
2013,TAM,6,RB,1
2013,TEN,1,OL,1
2013,TEN,2,WR,1
2013,TEN,3,DB,1
2013,TEN,3,LB,1
2013,TEN,4,OL,1
2013,TEN,5,DL,1
2013,TEN,6,DB,1
2013,TEN,7,DB,1
2013,WAS,2,DB,1
2013,WAS,3,TE,1
2013,WAS,4,DB,1
2013,WAS,5,DL,1
2013,WAS,5,RB,1
2013,WAS,6,DB,1
2013,WAS,7,RB,1
2014,ARI,1,DB,1
2014,ARI,2,TE,1
2014,ARI,3,DL,1
2014,ARI,3,WR,1
2014,ARI,4,QB,1
2014,ARI,5,DL,1
2014,ARI,6,WR,1
2014,ATL,1,OL,1
2014,ATL,2,DL,1
2014,ATL,3,DB,1
2014,ATL,4,LB,1
2014,ATL,4,RB,1
2014,ATL,5,DB,1
2014,ATL,5,LB,1
2014,ATL,7,LB,2
2014,BAL,1,LB,1
2014,BAL,2,DL,1
2014,BAL,3,DB,1
2014,BAL,3,TE,1
2014,BAL,4,DL,1
2014,BAL,4,RB,1
2014,BAL,5,OL,1
2014,BAL,6,QB,1
2014,BAL,7,WR,1
2014,BUF,1,WR,1
2014,BUF,2,OL,1
2014,BUF,3,LB,1
2014,BUF,4,DB,1
2014,BUF,5,OL,1
2014,BUF,7,LB,1
2014,BUF,7,OL,1
2014,CAR,1,WR,1
2014,CAR,2,DL,1
2014,CAR,3,OL,1
2014,CAR,4,DB,1
2014,CAR,5,DB,1
2014,CAR,6,RB,1
2014,CHI,1,DB,1
2014,CHI,2,DL,1
2014,CHI,3,DL,1
2014,CHI,4,DB,1
2014,CHI,4,RB,1
2014,CHI,6,P,1
2014,CHI,6,QB,1
2014,CHI,7,OL,1
2014,CIN,1,DB,1
2014,CIN,2,RB,1
2014,CIN,3,DL,1
2014,CIN,4,OL,1
2014,CIN,5,QB,1
2014,CIN,6,LB,1
2014,CIN,7,DB,1
2014,CIN,7,WR,1
2014,CLE,1,DB,1
2014,CLE,1,QB,1
2014,CLE,2,OL,1
2014,CLE,3,LB,1
2014,CLE,3,RB,1
2014,CLE,4,DB,1
2014,DAL,1,OL,1
2014,DAL,2,DL,1
2014,DAL,4,LB,1
2014,DAL,5,WR,1
2014,DAL,7,DB,2
2014,DAL,7,DL,2
2014,DAL,7,LB,1
2014,DEN,1,DB,1
2014,DEN,2,WR,1
2014,DEN,3,OL,1
2014,DEN,5,LB,1
2014,DEN,6,OL,1
2014,DEN,7,LB,1
2014,DET,1,TE,1
2014,DET,2,LB,1
2014,DET,3,OL,1
2014,DET,4,DB,1
2014,DET,4,DL,1
2014,DET,5,DL,1
2014,DET,6,WR,1
2014,DET,7,K,1
2014,GNB,1,DB,1
2014,GNB,2,WR,1
2014,GNB,3,DL,1
2014,GNB,3,TE,1
2014,GNB,4,LB,1
2014,GNB,5,OL,1
2014,GNB,5,WR,1
2014,GNB,6,DB,1
2014,GNB,7,WR,1
2014,HOU,1,DL,1
2014,HOU,2,OL,1
2014,HOU,3,DL,1
2014,HOU,3,TE,1
2014,HOU,4,QB,1
2014,HOU,6,DL,1
2014,HOU,6,RB,2
2014,HOU,7,DB,2
2014,IND,2,OL,1
2014,IND,3,WR,1
2014,IND,5,LB,1
2014,IND,6,LB,1
2014,IND,7,OL,1
2014,JAX,1,QB,1
2014,JAX,2,WR,2
2014,JAX,3,OL,1
2014,JAX,4,DB,1
2014,JAX,5,DL,1
2014,JAX,5,LB,1
2014,JAX,6,OL,1
2014,JAX,7,RB,1
2014,KAN,1,LB,1
2014,KAN,3,DB,1
2014,KAN,4,RB,1
2014,KAN,5,QB,1
2014,KAN,6,OL,2
2014,MIA,1,OL,1
2014,MIA,2,WR,1
2014,MIA,3,OL,1
2014,MIA,4,DB,1
2014,MIA,5,LB,1
2014,MIA,5,TE,1
2014,MIA,6,WR,1
2014,MIA,7,DL,1
2014,MIN,1,LB,1
2014,MIN,1,QB,1
2014,MIN,3,DL,1
2014,MIN,3,RB,1
2014,MIN,5,OL,1
2014,MIN,6,DB,2
2014,MIN,7,DB,1
2014,MIN,7,DL,1
2014,MIN,7,LB,1
2014,NOR,1,WR,1
2014,NOR,2,DB,1
2014,NOR,4,LB,1
2014,NOR,5,DB,1
2014,NOR,5,LB,1
2014,NOR,6,OL,1
2014,NWE,1,DL,1
2014,NWE,2,QB,1
2014,NWE,4,OL,2
2014,NWE,4,RB,1
2014,NWE,6,DB,1
2014,NWE,6,DL,1
2014,NWE,6,OL,1
2014,NWE,7,WR,1
2014,NYG,1,WR,1
2014,NYG,2,OL,1
2014,NYG,3,DL,1
2014,NYG,4,RB,1
2014,NYG,5,DB,1
2014,NYG,5,DL,1
2014,NYG,6,DB,1
2014,NYJ,1,DB,1
2014,NYJ,2,TE,1
2014,NYJ,3,DB,1
2014,NYJ,4,OL,1
2014,NYJ,4,WR,2
2014,NYJ,5,LB,1
2014,NYJ,6,DB,1
2014,NYJ,6,DL,1
2014,NYJ,6,QB,1
2014,NYJ,6,WR,1
2014,NYJ,7,LB,1
2014,OAK,1,LB,1
2014,OAK,2,QB,1
2014,OAK,3,OL,1
2014,OAK,4,DB,1
2014,OAK,4,DL,1
2014,OAK,7,DB,2
2014,OAK,7,DL,1
2014,PHI,1,LB,1
2014,PHI,2,WR,1
2014,PHI,3,WR,1
2014,PHI,4,DB,1
2014,PHI,5,DB,1
2014,PHI,5,DL,1
2014,PHI,7,DL,1
2014,PIT,1,LB,1
2014,PIT,2,DL,1
2014,PIT,3,WR,1
2014,PIT,4,WR,1
2014,PIT,5,DB,1
2014,PIT,5,OL,1
2014,PIT,6,DL,1
2014,PIT,6,LB,1
2014,PIT,7,TE,1
2014,SDG,1,DB,1
2014,SDG,2,LB,1
2014,SDG,3,OL,1
2014,SDG,5,DL,1
2014,SDG,6,RB,1
2014,SDG,7,WR,1
2014,SEA,2,OL,1
2014,SEA,2,WR,1
2014,SEA,4,DL,1
2014,SEA,4,LB,1
2014,SEA,4,WR,1
2014,SEA,5,DL,1
2014,SEA,6,DB,1
2014,SEA,6,OL,1
2014,SEA,7,RB,1
2014,SFO,1,DB,1
2014,SFO,2,RB,1
2014,SFO,3,LB,1
2014,SFO,3,OL,2
2014,SFO,4,DB,1
2014,SFO,4,WR,1
2014,SFO,5,DB,1
2014,SFO,5,DL,1
2014,SFO,6,DB,1
2014,SFO,7,DL,1
2014,SFO,7,RB,1
2014,STL,1,DL,1
2014,STL,1,OL,1
2014,STL,2,DB,1
2014,STL,3,RB,1
2014,STL,4,DB,1
2014,STL,6,DB,1
2014,STL,6,QB,1
2014,STL,7,DB,1
2014,STL,7,DL,1
2014,STL,7,OL,2
2014,TAM,1,WR,1
2014,TAM,2,TE,1
2014,TAM,3,RB,1
2014,TAM,5,OL,2
2014,TAM,6,WR,1
2014,TEN,1,OL,1
2014,TEN,2,RB,1
2014,TEN,4,DB,1
2014,TEN,4,DL,1
2014,TEN,5,LB,1
2014,TEN,6,QB,1
2014,WAS,2,LB,1
2014,WAS,3,OL,2
2014,WAS,4,DB,1
2014,WAS,5,WR,1
2014,WAS,6,RB,1
2014,WAS,7,K,1
2014,WAS,7,TE,1
2015,ARI,1,OL,1
2015,ARI,2,DL,1
2015,ARI,3,RB,1
2015,ARI,4,DL,1
2015,ARI,5,DL,1
2015,ARI,5,WR,1
2015,ARI,7,TE,1
2015,ATL,1,LB,1
2015,ATL,2,DB,1
2015,ATL,3,RB,1
2015,ATL,4,WR,1
2015,ATL,5,OL,1
2015,ATL,7,DB,1
2015,ATL,7,OL,1
2015,BAL,1,WR,1
2015,BAL,2,TE,1
2015,BAL,3,DL,1
2015,BAL,4,DB,1
2015,BAL,4,DL,1
2015,BAL,4,RB,1
2015,BAL,5,OL,1
2015,BAL,5,TE,1
2015,BAL,6,WR,1
2015,BUF,2,DB,1
2015,BUF,3,OL,1
2015,BUF,5,RB,1
2015,BUF,6,LB,1
2015,BUF,6,TE,1
2015,BUF,7,WR,1
2015,CAR,1,LB,1
2015,CAR,2,TE,1
2015,CAR,4,OL,1
2015,CAR,5,LB,1
2015,CAR,5,RB,1
2015,CHI,1,WR,2
2015,CHI,2,DL,1
2015,CHI,3,OL,1
2015,CHI,4,RB,1
2015,CHI,5,S,1
2015,CHI,6,OL,1
2015,CIN,1,OL,1
2015,CIN,2,OL,1
2015,CIN,3,LB,1
2015,CIN,3,TE,1
2015,CIN,4,DB,1
2015,CIN,4,DL,1
2015,CIN,5,TE,1
2015,CIN,6,S,1
2015,CIN,7,WR,1
2015,CLE,1,OL,2
2015,CLE,2,DL,1
2015,CLE,3,DL,1
2015,CLE,3,RB,1
2015,CLE,4,S,1
2015,CLE,4,WR,1
2015,CLE,6,DB,1
2015,CLE,6,TE,2
2015,CLE,7,DB,1
2015,CLE,7,LB,1
2015,DAL,1,DB,1
2015,DAL,2,LB,1
2015,DAL,3,OL,1
2015,DAL,4,LB,1
2015,DAL,5,DL,1
2015,DAL,7,LB,1
2015,DAL,7,OL,1
2015,DAL,7,TE,1
2015,DEN,1,DL,1
2015,DEN,2,OL,1
2015,DEN,3,TE,1
2015,DEN,4,OL,1
2015,DEN,5,DB,1
2015,DEN,6,OL,1
2015,DEN,7,DB,2
2015,DEN,7,QB,1
2015,DET,1,OL,1
2015,DET,2,RB,1
2015,DET,3,DB,1
2015,DET,4,DL,1
2015,DET,5,RB,1
2015,DET,6,DB,1
2015,DET,7,OL,1
2015,GNB,1,S,1
2015,GNB,2,DB,1
2015,GNB,3,WR,1
2015,GNB,4,LB,1
2015,GNB,5,QB,1
2015,GNB,6,DL,1
2015,GNB,6,RB,1
2015,GNB,6,TE,1
2015,HOU,1,DB,1
2015,HOU,2,LB,1
2015,HOU,3,WR,1
2015,HOU,5,WR,1
2015,HOU,6,DL,1
2015,HOU,6,LB,1
2015,HOU,7,RB,1
2015,IND,1,WR,1
2015,IND,3,DB,1
2015,IND,3,DL,1
2015,IND,4,S,1
2015,IND,5,OL,1
2015,IND,6,LB,1
2015,IND,6,RB,1
2015,IND,7,OL,1
2015,JAX,1,LB,1
2015,JAX,2,RB,1
2015,JAX,3,OL,1
2015,JAX,4,S,1
2015,JAX,5,WR,1
2015,JAX,6,DL,1
2015,JAX,7,TE,1
2015,JAX,7,WR,1
2015,KAN,1,DB,1
2015,KAN,2,OL,1
2015,KAN,3,DB,1
2015,KAN,3,WR,1
2015,KAN,4,LB,1
2015,KAN,5,LB,1
2015,KAN,5,TE,1
2015,KAN,6,DL,1
2015,KAN,7,WR,1
2015,MIA,1,WR,1
2015,MIA,2,OL,1
2015,MIA,4,OL,1
2015,MIA,5,DB,1
2015,MIA,5,RB,1
2015,MIA,5,S,1
2015,MIA,5,WR,1
2015,MIN,1,DB,1
2015,MIN,2,LB,1
2015,MIN,3,DL,1
2015,MIN,4,OL,1
2015,MIN,5,TE,1
2015,MIN,5,WR,1
2015,MIN,6,DL,1
2015,MIN,6,OL,1
2015,MIN,7,LB,1
2015,MIN,7,OL,1
2015,NOR,1,LB,1
2015,NOR,1,OL,1
2015,NOR,2,LB,1
2015,NOR,3,DB,1
2015,NOR,3,QB,1
2015,NOR,5,DB,1
2015,NOR,5,DL,1
2015,NOR,5,LB,1
2015,NOR,7,RB,1
2015,NWE,1,DL,1
2015,NWE,2,S,1
2015,NWE,3,DL,1
2015,NWE,4,DL,1
2015,NWE,4,OL,2
2015,NWE,5,LS,1
2015,NWE,6,LB,1
2015,NWE,6,TE,1
2015,NWE,7,DB,1
2015,NWE,7,LB,1
2015,NYG,1,OL,1
2015,NYG,2,S,1
2015,NYG,3,DL,1
2015,NYG,5,S,1
2015,NYG,6,WR,1
2015,NYG,7,OL,1
2015,NYJ,1,DL,1
2015,NYJ,2,WR,1
2015,NYJ,3,LB,1
2015,NYJ,4,QB,1
2015,NYJ,5,OL,1
2015,NYJ,7,OL,1
2015,OAK,1,WR,1
2015,OAK,2,DL,1
2015,OAK,3,TE,1
2015,OAK,4,OL,1
2015,OAK,5,LB,2
2015,OAK,6,LB,1
2015,OAK,7,DB,1
2015,OAK,7,OL,1
2015,OAK,7,WR,1
2015,PHI,1,WR,1
2015,PHI,2,DB,1
2015,PHI,3,LB,1
2015,PHI,6,DB,2
2015,PHI,7,DL,1
2015,PIT,1,LB,1
2015,PIT,2,DB,1
2015,PIT,3,WR,1
2015,PIT,4,DB,1
2015,PIT,5,TE,1
2015,PIT,6,DL,2
2015,PIT,7,S,1
2015,SDG,1,RB,1
2015,SDG,2,LB,1
2015,SDG,3,DB,1
2015,SDG,5,LB,1
2015,SDG,6,DL,1
2015,SEA,2,DL,1
2015,SEA,3,WR,1
2015,SEA,4,OL,2
2015,SEA,5,DB,1
2015,SEA,6,DL,2
2015,SEA,7,DB,1
2015,SFO,1,DL,1
2015,SFO,2,S,1
2015,SFO,3,LB,1
2015,SFO,4,RB,1
2015,SFO,4,TE,1
2015,SFO,4,WR,1
2015,SFO,5,P,1
2015,SFO,6,OL,1
2015,SFO,7,OL,1
2015,SFO,7,TE,1
2015,STL,1,RB,1
2015,STL,2,OL,1
2015,STL,3,OL,1
2015,STL,3,QB,1
2015,STL,4,OL,1
2015,STL,6,OL,1
2015,STL,6,WR,1
2015,STL,7,DL,1
2015,STL,7,LB,1
2015,TAM,1,QB,1
2015,TAM,2,OL,2
2015,TAM,4,LB,1
2015,TAM,5,WR,1
2015,TAM,6,WR,1
2015,TAM,7,RB,1
2015,TEN,1,QB,1
2015,TEN,2,WR,1
2015,TEN,3,OL,1
2015,TEN,4,DL,1
2015,TEN,4,RB,1
2015,TEN,5,RB,1
2015,TEN,6,LB,1
2015,TEN,6,OL,1
2015,TEN,7,WR,1
2015,WAS,1,OL,1
2015,WAS,2,DL,1
2015,WAS,3,RB,1
2015,WAS,4,OL,1
2015,WAS,4,WR,1
2015,WAS,5,LB,1
2015,WAS,6,DB,1
2015,WAS,6,S,1
2015,WAS,6,WR,1
2015,WAS,7,OL,1
2016,ARI,1,DL,1
2016,ARI,3,DB,1
2016,ARI,4,OL,1
2016,ARI,5,OL,1
2016,ARI,5,S,1
2016,ARI,6,DB,1
2016,ATL,1,S,1
2016,ATL,2,LB,1
2016,ATL,3,TE,1
2016,ATL,4,LB,1
2016,ATL,6,OL,1
2016,ATL,7,WR,1
2016,BAL,1,OL,1
2016,BAL,2,DL,1
2016,BAL,3,DL,1
2016,BAL,4,DB,1
2016,BAL,4,DL,1
2016,BAL,4,OL,1
2016,BAL,4,RB,1
2016,BAL,4,WR,1
2016,BAL,5,DL,1
2016,BAL,6,DB,1
2016,BAL,6,RB,1
2016,BUF,1,DL,1
2016,BUF,2,LB,1
2016,BUF,3,DL,1
2016,BUF,4,QB,1
2016,BUF,5,RB,1
2016,BUF,6,DB,1
2016,BUF,6,WR,1
2016,CAR,1,DL,1
2016,CAR,2,DB,1
2016,CAR,3,DB,1
2016,CAR,5,DB,1
2016,CAR,7,TE,1
2016,CHI,1,LB,1
2016,CHI,2,OL,1
2016,CHI,3,DL,1
2016,CHI,4,DB,1
2016,CHI,4,LB,1
2016,CHI,4,S,1
2016,CHI,5,RB,1
2016,CHI,6,S,1
2016,CHI,7,WR,1
2016,CIN,1,DB,1
2016,CIN,2,WR,1
2016,CIN,3,LB,1
2016,CIN,4,OL,1
2016,CIN,5,OL,1
2016,CIN,6,WR,1
2016,CIN,7,S,1
2016,CLE,1,WR,1
2016,CLE,2,DL,1
2016,CLE,3,DL,1
2016,CLE,3,OL,1
2016,CLE,3,QB,1
2016,CLE,4,LB,1
2016,CLE,4,S,1
2016,CLE,4,TE,1
2016,CLE,4,WR,1
2016,CLE,5,DB,1
2016,CLE,5,OL,1
2016,CLE,5,WR,2
2016,CLE,7,LB,1
2016,DAL,1,RB,1
2016,DAL,2,LB,1
2016,DAL,3,DL,1
2016,DAL,4,DL,1
2016,DAL,4,QB,1
2016,DAL,6,DB,1
2016,DAL,6,RB,1
2016,DAL,6,S,1
2016,DAL,6,TE,1
2016,DEN,1,QB,1
2016,DEN,2,DL,1
2016,DEN,3,S,1
2016,DEN,4,RB,1
2016,DEN,5,OL,1
2016,DEN,6,RB,1
2016,DEN,6,S,1
2016,DEN,7,P,1
2016,DET,1,OL,1
2016,DET,2,DL,1
2016,DET,3,OL,1
2016,DET,4,S,1
2016,DET,5,LB,1
2016,DET,5,OL,1
2016,DET,6,DL,1
2016,DET,6,LS,1
2016,DET,6,QB,1
2016,DET,7,RB,1
2016,GNB,1,DL,1
2016,GNB,2,OL,1
2016,GNB,3,LB,1
2016,GNB,4,DL,1
2016,GNB,4,LB,1
2016,GNB,5,WR,1
2016,GNB,6,OL,1
2016,HOU,1,WR,1
2016,HOU,2,OL,1
2016,HOU,3,WR,1
2016,HOU,4,RB,1
2016,HOU,5,OL,1
2016,HOU,5,S,1
2016,IND,1,OL,1
2016,IND,2,S,1
2016,IND,3,OL,1
2016,IND,4,DL,1
2016,IND,4,LB,1
2016,IND,5,OL,1
2016,IND,7,LB,1
2016,IND,7,OL,1
2016,JAX,1,DB,1
2016,JAX,2,LB,1
2016,JAX,3,DL,1
2016,JAX,4,DL,1
2016,JAX,6,LB,1
2016,JAX,6,QB,1
2016,JAX,7,DL,1
2016,KAN,2,DL,1
2016,KAN,3,DB,1
2016,KAN,4,DB,1
2016,KAN,4,OL,1
2016,KAN,4,WR,1
2016,KAN,5,QB,1
2016,KAN,5,WR,1
2016,KAN,6,DB,1
2016,KAN,6,DL,1
2016,LAR,1,QB,1
2016,LAR,4,TE,1
2016,LAR,4,WR,1
2016,LAR,6,LB,1
2016,LAR,6,TE,1
2016,LAR,6,WR,1
2016,MIA,1,OL,1
2016,MIA,2,DB,1
2016,MIA,3,RB,1
2016,MIA,3,WR,1
2016,MIA,6,S,1
2016,MIA,6,WR,1
2016,MIA,7,QB,1
2016,MIA,7,TE,1
2016,MIN,1,WR,1
2016,MIN,2,DB,1
2016,MIN,4,OL,1
2016,MIN,5,LB,1
2016,MIN,6,TE,1
2016,MIN,6,WR,1
2016,MIN,7,LB,1
2016,MIN,7,S,1
2016,NOR,1,DL,1
2016,NOR,2,S,1
2016,NOR,2,WR,1
2016,NOR,4,DL,1
2016,NOR,7,RB,1
2016,NWE,2,DB,1
2016,NWE,3,DL,1
2016,NWE,3,OL,1
2016,NWE,3,QB,1
2016,NWE,4,WR,1
2016,NWE,6,LB,2
2016,NWE,6,OL,1
2016,NWE,7,WR,1
2016,NYG,1,DB,1
2016,NYG,2,WR,1
2016,NYG,3,S,1
2016,NYG,4,LB,1
2016,NYG,5,RB,1
2016,NYG,6,TE,1
2016,NYJ,1,LB,1
2016,NYJ,2,QB,1
2016,NYJ,3,LB,1
2016,NYJ,4,DB,1
2016,NYJ,5,OL,1
2016,NYJ,7,P,1
2016,NYJ,7,WR,1
2016,OAK,1,S,1
2016,OAK,2,DL,1
2016,OAK,3,DL,1
2016,OAK,4,QB,1
2016,OAK,5,RB,1
2016,OAK,6,LB,1
2016,OAK,7,OL,1
2016,PHI,1,QB,1
2016,PHI,3,OL,1
2016,PHI,5,OL,1
2016,PHI,5,RB,1
2016,PHI,6,DB,1
2016,PHI,7,DL,1
2016,PHI,7,LB,1
2016,PHI,7,S,1
2016,PIT,1,DB,1
2016,PIT,2,DB,1
2016,PIT,3,DL,1
2016,PIT,4,OL,1
2016,PIT,6,LB,1
2016,PIT,7,LB,1
2016,PIT,7,WR,1
2016,SDG,1,DL,1
2016,SDG,2,TE,1
2016,SDG,3,OL,1
2016,SDG,4,LB,1
2016,SDG,5,LB,1
2016,SDG,6,P,1
2016,SDG,6,RB,1
2016,SDG,7,OL,1
2016,SEA,1,OL,1
2016,SEA,2,DL,1
2016,SEA,3,OL,1
2016,SEA,3,RB,1
2016,SEA,3,TE,1
2016,SEA,5,DL,1
2016,SEA,5,RB,1
2016,SEA,6,OL,1
2016,SEA,7,RB,1
2016,SEA,7,WR,1
2016,SFO,1,DL,1
2016,SFO,1,OL,1
2016,SFO,3,DB,1
2016,SFO,4,DB,1
2016,SFO,5,DL,1
2016,SFO,5,OL,2
2016,SFO,6,QB,1
2016,SFO,6,RB,1
2016,SFO,6,WR,1
2016,SFO,7,DB,1
2016,TAM,1,DB,1
2016,TAM,2,DL,1
2016,TAM,2,K,1
2016,TAM,4,DB,1
2016,TAM,5,OL,1
2016,TAM,6,LB,1
2016,TAM,6,RB,1
2016,TEN,1,OL,1
2016,TEN,2,DL,1
2016,TEN,2,OL,1
2016,TEN,2,RB,1
2016,TEN,3,S,1
2016,TEN,5,DB,1
2016,TEN,5,WR,1
2016,TEN,6,OL,1
2016,TEN,7,DB,1
2016,TEN,7,LB,1
2016,WAS,1,WR,1
2016,WAS,2,LB,1
2016,WAS,3,DB,1
2016,WAS,5,DL,1
2016,WAS,6,QB,1
2016,WAS,7,LB,1
2016,WAS,7,RB,1
2017,ARI,1,LB,1
2017,ARI,2,S,1
2017,ARI,3,WR,1
2017,ARI,4,OL,1
2017,ARI,5,OL,1
2017,ARI,5,RB,1
2017,ARI,6,S,1
2017,ATL,1,DL,1
2017,ATL,3,LB,1
2017,ATL,4,OL,1
2017,ATL,5,DB,1
2017,ATL,5,RB,1
2017,ATL,5,TE,1
2017,BAL,1,DB,1
2017,BAL,2,LB,1
2017,BAL,3,DL,1
2017,BAL,3,LB,1
2017,BAL,4,OL,1
2017,BAL,5,OL,1
2017,BAL,6,DB,1
2017,BUF,1,DB,1
2017,BUF,2,OL,1
2017,BUF,2,WR,1
2017,BUF,5,LB,1
2017,BUF,5,QB,1
2017,BUF,6,LB,1
2017,CAR,1,RB,1
2017,CAR,2,OL,1
2017,CAR,2,WR,1
2017,CAR,3,DL,1
2017,CAR,5,DB,1
2017,CAR,6,RB,1
2017,CAR,7,K,1
2017,CHI,1,QB,1
2017,CHI,2,TE,1
2017,CHI,4,RB,1
2017,CHI,4,S,1
2017,CHI,5,OL,1
2017,CIN,1,WR,1
2017,CIN,2,RB,1
2017,CIN,3,LB,1
2017,CIN,4,DL,1
2017,CIN,4,LB,1
2017,CIN,4,WR,1
2017,CIN,5,K,1
2017,CIN,5,OL,1
2017,CIN,6,LB,1
2017,CIN,6,RB,1
2017,CIN,7,TE,1
2017,CLE,1,DL,1
2017,CLE,1,S,1
2017,CLE,1,TE,1
2017,CLE,2,QB,1
2017,CLE,3,DL,1
2017,CLE,4,DB,1
2017,CLE,5,OL,1
2017,CLE,6,DL,1
2017,CLE,7,K,1
2017,CLE,7,RB,1
2017,DAL,1,DL,1
2017,DAL,2,DB,1
2017,DAL,3,DB,1
2017,DAL,4,WR,1
2017,DAL,6,DB,1
2017,DAL,6,S,1
2017,DAL,7,DL,2
2017,DAL,7,WR,1
2017,DEN,1,OL,1
2017,DEN,2,DL,1
2017,DEN,3,DB,1
2017,DEN,3,WR,1
2017,DEN,5,TE,1
2017,DEN,5,WR,1
2017,DEN,6,RB,1
2017,DEN,7,QB,1
2017,DET,1,LB,1
2017,DET,2,DB,1
2017,DET,3,WR,1
2017,DET,4,LB,1
2017,DET,4,TE,1
2017,DET,5,DB,1
2017,DET,6,DL,1
2017,DET,6,QB,1
2017,DET,7,DL,1
2017,GNB,2,DB,1
2017,GNB,2,S,1
2017,GNB,3,DL,1
2017,GNB,4,LB,1
2017,GNB,4,RB,1
2017,GNB,5,RB,1
2017,GNB,5,WR,1
2017,GNB,6,OL,1
2017,GNB,7,RB,1
2017,GNB,7,WR,1
2017,HOU,1,QB,1
2017,HOU,2,LB,1
2017,HOU,3,RB,1
2017,HOU,4,DL,1
2017,HOU,4,OL,1
2017,HOU,5,S,1
2017,HOU,7,OL,1
2017,IND,1,S,1
2017,IND,2,DB,1
2017,IND,3,DL,1
2017,IND,4,DL,1
2017,IND,4,OL,1
2017,IND,4,RB,1
2017,IND,5,DB,1
2017,IND,5,LB,1
2017,JAX,1,RB,1
2017,JAX,2,OL,1
2017,JAX,3,DL,1
2017,JAX,4,WR,1
2017,JAX,5,LB,1
2017,JAX,7,DB,1
2017,JAX,7,RB,1
2017,KAN,1,QB,1
2017,KAN,2,DL,1
2017,KAN,3,RB,1
2017,KAN,4,WR,1
2017,KAN,5,LB,1
2017,KAN,6,S,1
2017,LAC,1,WR,1
2017,LAC,2,OL,1
2017,LAC,3,OL,1
2017,LAC,4,S,1
2017,LAC,5,S,1
2017,LAC,6,OL,1
2017,LAC,7,DL,1
2017,LAR,2,TE,1
2017,LAR,3,S,1
2017,LAR,3,WR,1
2017,LAR,4,LB,1
2017,LAR,4,WR,1
2017,LAR,6,DL,1
2017,LAR,6,RB,1
2017,LAR,7,DL,1
2017,MIA,1,LB,1
2017,MIA,2,LB,1
2017,MIA,3,DB,1
2017,MIA,5,DL,1
2017,MIA,5,OL,1
2017,MIA,6,DL,1
2017,MIA,7,WR,1
2017,MIN,2,RB,1
2017,MIN,3,OL,1
2017,MIN,4,DL,1
2017,MIN,4,LB,1
2017,MIN,5,OL,1
2017,MIN,5,WR,1
2017,MIN,6,TE,1
2017,MIN,7,DB,1
2017,MIN,7,LB,1
2017,MIN,7,OL,1
2017,MIN,7,WR,1
2017,NOR,1,DB,1
2017,NOR,1,OL,1
2017,NOR,2,S,1
2017,NOR,3,LB,2
2017,NOR,3,RB,1
2017,NOR,6,DL,1
2017,NWE,3,DL,1
2017,NWE,3,OL,1
2017,NWE,4,DL,1
2017,NWE,6,OL,1
2017,NYG,1,TE,1
2017,NYG,2,DL,1
2017,NYG,3,QB,1
2017,NYG,4,RB,1
2017,NYG,5,DL,1
2017,NYG,6,OL,1
2017,NYJ,1,S,1
2017,NYJ,2,S,1
2017,NYJ,3,WR,1
2017,NYJ,4,WR,1
2017,NYJ,5,OL,1
2017,NYJ,5,TE,1
2017,NYJ,6,DB,2
2017,NYJ,6,RB,1
2017,OAK,1,DB,1
2017,OAK,2,S,1
2017,OAK,3,DL,1
2017,OAK,4,OL,1
2017,OAK,5,LB,1
2017,OAK,7,DL,1
2017,OAK,7,OL,1
2017,OAK,7,RB,1
2017,OAK,7,S,1
2017,PHI,1,DL,1
2017,PHI,2,DB,1
2017,PHI,3,DB,1
2017,PHI,4,RB,1
2017,PHI,4,WR,1
2017,PHI,5,S,1
2017,PHI,5,WR,1
2017,PHI,6,DL,1
2017,PIT,1,LB,1
2017,PIT,2,WR,1
2017,PIT,3,DB,1
2017,PIT,3,RB,1
2017,PIT,4,QB,1
2017,PIT,5,DB,1
2017,PIT,6,LS,1
2017,PIT,7,LB,1
2017,SEA,2,DL,1
2017,SEA,2,OL,1
2017,SEA,3,DB,1
2017,SEA,3,DL,1
2017,SEA,3,S,1
2017,SEA,3,WR,1
2017,SEA,4,S,1
2017,SEA,6,OL,1
2017,SEA,6,S,1
2017,SEA,7,RB,1
2017,SEA,7,WR,1
2017,SFO,1,DL,1
2017,SFO,1,LB,1
2017,SFO,3,DB,1
2017,SFO,3,QB,1
2017,SFO,4,RB,1
2017,SFO,5,TE,1
2017,SFO,5,WR,1
2017,SFO,6,DL,1
2017,SFO,6,LB,1
2017,SFO,7,DB,1
2017,TAM,1,TE,1
2017,TAM,2,S,1
2017,TAM,3,LB,1
2017,TAM,3,WR,1
2017,TAM,5,RB,1
2017,TAM,7,OL,1
2017,TEN,1,DB,1
2017,TEN,1,WR,1
2017,TEN,3,TE,1
2017,TEN,3,WR,1
2017,TEN,5,LB,1
2017,TEN,6,OL,1
2017,TEN,7,LB,1
2017,TEN,7,OL,1
2017,TEN,7,RB,1
2017,WAS,1,DL,1
2017,WAS,2,LB,1
2017,WAS,3,DB,1
2017,WAS,4,RB,1
2017,WAS,4,S,1
2017,WAS,5,TE,1
2017,WAS,6,OL,1
2017,WAS,6,WR,1
2017,WAS,7,DB,1
2017,WAS,7,S,1
2018,ARI,1,QB,1
2018,ARI,2,WR,1
2018,ARI,3,OL,1
2018,ARI,4,RB,1
2018,ARI,6,DB,1
2018,ARI,7,OL,1
2018,ATL,1,WR,1
2018,ATL,2,DB,1
2018,ATL,3,DL,1
2018,ATL,4,RB,1
2018,ATL,6,S,1
2018,ATL,6,WR,1
2018,BAL,1,QB,1
2018,BAL,1,TE,1
2018,BAL,3,OL,1
2018,BAL,3,TE,1
2018,BAL,4,DB,1
2018,BAL,4,LB,1
2018,BAL,4,WR,1
2018,BAL,5,WR,1
2018,BAL,6,OL,2
2018,BAL,6,S,1
2018,BAL,7,DL,1
2018,BUF,1,LB,1
2018,BUF,1,QB,1
2018,BUF,3,DL,1
2018,BUF,4,DB,1
2018,BUF,5,DB,1
2018,BUF,5,OL,1
2018,BUF,6,WR,1
2018,BUF,7,WR,1
2018,CAR,1,WR,1
2018,CAR,2,DB,1
2018,CAR,3,DB,1
2018,CAR,4,LB,1
2018,CAR,4,TE,1
2018,CAR,5,LB,1
2018,CAR,7,DL,1
2018,CAR,7,LB,1
2018,CHI,1,LB,1
2018,CHI,2,OL,1
2018,CHI,2,WR,1
2018,CHI,4,LB,1
2018,CHI,5,DL,1
2018,CHI,6,DL,1
2018,CHI,7,WR,1
2018,CIN,1,OL,1
2018,CIN,2,S,1
2018,CIN,3,DL,1
2018,CIN,3,LB,1
2018,CIN,4,RB,1
2018,CIN,5,DB,2
2018,CIN,5,DL,1
2018,CIN,7,OL,1
2018,CIN,7,QB,1
2018,CIN,7,WR,1
2018,CLE,1,DB,1
2018,CLE,1,QB,1
2018,CLE,2,OL,1
2018,CLE,2,RB,1
2018,CLE,3,DL,1
2018,CLE,4,WR,1
2018,CLE,5,LB,1
2018,CLE,6,DB,1
2018,CLE,6,WR,1
2018,DAL,1,LB,1
2018,DAL,2,OL,1
2018,DAL,3,WR,1
2018,DAL,4,DL,1
2018,DAL,4,TE,1
2018,DAL,5,QB,1
2018,DAL,6,LB,1
2018,DAL,6,WR,1
2018,DAL,7,RB,1
2018,DEN,1,DL,1
2018,DEN,2,WR,1
2018,DEN,3,DB,1
2018,DEN,3,RB,1
2018,DEN,4,LB,1
2018,DEN,4,WR,1
2018,DEN,5,TE,1
2018,DEN,6,LB,1
2018,DEN,6,OL,1
2018,DEN,7,RB,1
2018,DET,1,OL,1
2018,DET,2,RB,1
2018,DET,3,S,1
2018,DET,4,DL,1
2018,DET,5,OL,1
2018,DET,7,RB,1
2018,GNB,1,DB,1
2018,GNB,2,DB,1
2018,GNB,3,LB,1
2018,GNB,4,WR,1
2018,GNB,5,OL,1
2018,GNB,5,P,1
2018,GNB,5,WR,1
2018,GNB,6,WR,1
2018,GNB,7,DL,1
2018,GNB,7,LB,1
2018,GNB,7,LS,1
2018,HOU,3,OL,1
2018,HOU,3,S,1
2018,HOU,3,TE,1
2018,HOU,4,WR,1
2018,HOU,6,DL,1
2018,HOU,6,LB,1
2018,HOU,6,TE,2
2018,HOU,7,DB,1
2018,IND,1,OL,1
2018,IND,2,DL,1
2018,IND,2,LB,2
2018,IND,2,OL,1
2018,IND,4,RB,1
2018,IND,5,RB,1
2018,IND,5,WR,1
2018,IND,6,WR,1
2018,IND,7,LB,2
2018,JAX,1,DL,1
2018,JAX,2,WR,1
2018,JAX,3,S,1
2018,JAX,4,OL,1
2018,JAX,6,QB,1
2018,JAX,7,LB,1
2018,JAX,7,P,1
2018,KAN,2,DL,1
2018,KAN,3,DL,1
2018,KAN,3,LB,1
2018,KAN,4,S,1
2018,KAN,6,DL,1
2018,KAN,6,WR,1
2018,LAC,1,S,1
2018,LAC,2,LB,1
2018,LAC,3,DL,1
2018,LAC,4,S,1
2018,LAC,5,OL,1
2018,LAC,6,WR,1
2018,LAC,7,RB,1
2018,LAR,3,OL,1
2018,LAR,4,DL,1
2018,LAR,4,OL,1
2018,LAR,5,DL,1
2018,LAR,5,LB,1
2018,LAR,6,DL,2
2018,LAR,6,OL,1
2018,LAR,6,RB,1
2018,LAR,7,DL,1
2018,LAR,7,LB,1
2018,MIA,1,S,1
2018,MIA,2,TE,1
2018,MIA,3,LB,1
2018,MIA,4,RB,1
2018,MIA,4,TE,1
2018,MIA,6,DB,1
2018,MIA,7,K,1
2018,MIA,7,LB,1
2018,MIN,1,DB,1
2018,MIN,2,OL,1
2018,MIN,4,DL,1
2018,MIN,5,K,1
2018,MIN,5,TE,1
2018,MIN,6,DL,1
2018,MIN,6,OL,1
2018,MIN,7,LB,1
2018,NOR,1,DL,1
2018,NOR,3,WR,1
2018,NOR,4,OL,1
2018,NOR,5,S,1
2018,NOR,6,DB,1
2018,NOR,6,RB,1
2018,NOR,7,OL,1
2018,NWE,1,OL,1
2018,NWE,1,RB,1
2018,NWE,2,DB,1
2018,NWE,5,LB,1
2018,NWE,6,LB,1
2018,NWE,6,WR,1
2018,NWE,7,DB,1
2018,NWE,7,QB,1
2018,NWE,7,TE,1
2018,NYG,1,RB,1
2018,NYG,2,OL,1
2018,NYG,3,DL,2
2018,NYG,4,QB,1
2018,NYG,5,DL,1
2018,NYJ,1,QB,1
2018,NYJ,3,DL,1
2018,NYJ,4,TE,1
2018,NYJ,6,DB,1
2018,NYJ,6,DL,1
2018,NYJ,6,RB,1
2018,OAK,1,OL,1
2018,OAK,2,DL,1
2018,OAK,3,DL,1
2018,OAK,3,OL,1
2018,OAK,4,DB,1
2018,OAK,5,DL,1
2018,OAK,5,P,1
2018,OAK,6,LB,1
2018,OAK,7,WR,1
2018,PHI,2,TE,1
2018,PHI,4,DB,1
2018,PHI,4,DL,1
2018,PHI,6,OL,1
2018,PHI,7,OL,1
2018,PIT,1,S,1
2018,PIT,2,WR,1
2018,PIT,3,OL,1
2018,PIT,3,QB,1
2018,PIT,5,S,1
2018,PIT,5,TE,1
2018,PIT,7,DL,1
2018,SEA,1,RB,1
2018,SEA,3,DL,1
2018,SEA,4,TE,1
2018,SEA,5,LB,1
2018,SEA,5,OL,1
2018,SEA,5,P,1
2018,SEA,5,S,1
2018,SEA,6,LB,1
2018,SEA,7,QB,1
2018,SFO,1,OL,1
2018,SFO,2,WR,1
2018,SFO,3,LB,1
2018,SFO,3,S,1
2018,SFO,4,DL,1
2018,SFO,5,DB,1
2018,SFO,6,S,1
2018,SFO,7,DL,1
2018,SFO,7,WR,1
2018,TAM,1,DL,1
2018,TAM,2,DB,2
2018,TAM,2,RB,1
2018,TAM,3,OL,1
2018,TAM,4,S,1
2018,TAM,5,WR,1
2018,TAM,6,LB,1
2018,TEN,1,LB,1
2018,TEN,2,LB,1
2018,TEN,5,DB,1
2018,TEN,6,QB,1
2018,WAS,1,DL,1
2018,WAS,2,RB,1
2018,WAS,3,OL,1
2018,WAS,4,S,1
2018,WAS,5,DL,1
2018,WAS,6,LB,1
2018,WAS,7,DB,1
2018,WAS,7,WR,1
2019,ARI,1,QB,1
2019,ARI,2,DB,1
2019,ARI,2,WR,1
2019,ARI,3,DL,1
2019,ARI,4,WR,1
2019,ARI,5,S,1
2019,ARI,6,OL,1
2019,ARI,6,WR,1
2019,ARI,7,DL,1
2019,ARI,7,OL,1
2019,ARI,7,TE,1
2019,ATL,1,OL,2
2019,ATL,4,DB,1
2019,ATL,4,DL,1
2019,ATL,5,DB,1
2019,ATL,5,RB,1
2019,ATL,6,WR,1
2019,BAL,1,WR,1
2019,BAL,3,DL,1
2019,BAL,3,WR,1
2019,BAL,4,DB,1
2019,BAL,4,OL,1
2019,BAL,4,RB,1
2019,BAL,5,DL,1
2019,BAL,6,QB,1
2019,BUF,1,DL,1
2019,BUF,2,OL,1
2019,BUF,3,RB,1
2019,BUF,3,TE,1
2019,BUF,5,LB,1
2019,BUF,6,DB,1
2019,BUF,7,DL,1
2019,BUF,7,TE,1
2019,CAR,1,DL,1
2019,CAR,2,OL,1
2019,CAR,3,QB,1
2019,CAR,4,LB,1
2019,CAR,5,RB,1
2019,CAR,6,OL,1
2019,CAR,7,WR,1
2019,CHI,3,RB,1
2019,CHI,4,WR,1
2019,CHI,6,DB,1
2019,CHI,7,DB,1
2019,CHI,7,RB,1
2019,CIN,1,OL,1
2019,CIN,2,TE,1
2019,CIN,3,LB,1
2019,CIN,4,DL,1
2019,CIN,4,OL,1
2019,CIN,4,QB,1
2019,CIN,6,LB,1
2019,CIN,6,RB,2
2019,CIN,7,DB,1
2019,CLE,2,DB,1
2019,CLE,3,LB,1
2019,CLE,4,S,1
2019,CLE,5,K,1
2019,CLE,5,LB,1
2019,CLE,6,OL,1
2019,CLE,7,DB,1
2019,DAL,2,DL,1
2019,DAL,3,OL,1
2019,DAL,4,RB,1
2019,DAL,5,DB,1
2019,DAL,5,DL,1
2019,DAL,6,S,1
2019,DAL,7,DL,1
2019,DAL,7,RB,1
2019,DEN,1,TE,1
2019,DEN,2,OL,1
2019,DEN,2,QB,1
2019,DEN,3,DL,1
2019,DEN,5,LB,1
2019,DEN,6,WR,1
2019,DET,1,TE,1
2019,DET,2,LB,1
2019,DET,3,S,1
2019,DET,4,DL,1
2019,DET,5,DB,1
2019,DET,6,RB,1
2019,DET,6,WR,1
2019,DET,7,DL,1
2019,DET,7,TE,1
2019,GNB,1,LB,1
2019,GNB,1,S,1
2019,GNB,2,OL,1
2019,GNB,3,TE,1
2019,GNB,5,DL,1
2019,GNB,6,DB,1
2019,GNB,6,RB,1
2019,GNB,7,LB,1
2019,HOU,1,OL,1
2019,HOU,2,DB,1
2019,HOU,2,OL,1
2019,HOU,3,TE,1
2019,HOU,5,DL,1
2019,HOU,6,DB,1
2019,HOU,7,RB,1
2019,IND,2,DB,1
2019,IND,2,LB,1
2019,IND,2,WR,1
2019,IND,3,LB,1
2019,IND,4,S,1
2019,IND,5,LB,1
2019,IND,5,S,1
2019,IND,6,DL,1
2019,IND,7,OL,2
2019,JAX,1,LB,1
2019,JAX,2,OL,1
2019,JAX,3,S,1
2019,JAX,3,TE,1
2019,JAX,5,RB,1
2019,JAX,6,QB,1
2019,JAX,7,DL,1
2019,KAN,2,S,1
2019,KAN,2,WR,1
2019,KAN,3,DL,1
2019,KAN,6,DB,1
2019,KAN,6,RB,1
2019,KAN,7,OL,1
2019,LAC,1,DL,1
2019,LAC,2,S,1
2019,LAC,3,OL,1
2019,LAC,4,LB,1
2019,LAC,5,QB,1
2019,LAC,6,LB,1
2019,LAC,7,DL,1
2019,LAR,2,S,1
2019,LAR,3,DB,2
2019,LAR,3,OL,1
2019,LAR,3,RB,1
2019,LAR,4,DL,1
2019,LAR,5,OL,1
2019,LAR,7,LB,1
2019,LAR,7,S,1
2019,MIA,1,DL,1
2019,MIA,3,OL,1
2019,MIA,5,LB,1
2019,MIA,6,OL,1
2019,MIA,7,RB,2
2019,MIN,1,OL,1
2019,MIN,2,TE,1
2019,MIN,3,RB,1
2019,MIN,4,OL,1
2019,MIN,5,LB,1
2019,MIN,6,DL,1
2019,MIN,6,OL,1
2019,MIN,6,S,1
2019,MIN,7,DB,1
2019,MIN,7,LS,1
2019,MIN,7,WR,2
2019,NOR,2,OL,1
2019,NOR,4,S,1
2019,NOR,6,S,1
2019,NOR,7,LB,1
2019,NOR,7,TE,1
2019,NWE,1,WR,1
2019,NWE,2,DB,1
2019,NWE,3,DL,1
2019,NWE,3,OL,1
2019,NWE,3,RB,1
2019,NWE,4,OL,1
2019,NWE,4,QB,1
2019,NWE,5,DL,1
2019,NWE,5,P,1
2019,NWE,7,DB,1
2019,NYG,1,DB,1
2019,NYG,1,DL,1
2019,NYG,1,QB,1
2019,NYG,3,DL,1
2019,NYG,4,DB,1
2019,NYG,5,LB,1
2019,NYG,5,WR,1
2019,NYG,6,DB,1
2019,NYG,7,DL,1
2019,NYG,7,OL,1
2019,NYJ,1,DL,1
2019,NYJ,3,LB,1
2019,NYJ,3,OL,1
2019,NYJ,4,TE,1
2019,NYJ,5,LB,1
2019,NYJ,6,DB,1
2019,OAK,1,DL,1
2019,OAK,1,RB,1
2019,OAK,1,S,1
2019,OAK,2,DB,1
2019,OAK,4,DB,1
2019,OAK,4,DL,1
2019,OAK,4,TE,1
2019,OAK,5,WR,1
2019,OAK,7,DL,1
2019,PHI,1,OL,1
2019,PHI,2,RB,1
2019,PHI,2,WR,1
2019,PHI,4,DL,1
2019,PHI,5,QB,1
2019,PIT,1,LB,1
2019,PIT,3,DB,1
2019,PIT,3,WR,1
2019,PIT,4,RB,1
2019,PIT,5,TE,1
2019,PIT,6,DL,2
2019,PIT,6,LB,1
2019,PIT,7,OL,1
2019,SEA,1,DL,1
2019,SEA,2,S,1
2019,SEA,2,WR,1
2019,SEA,3,LB,1
2019,SEA,4,OL,1
2019,SEA,4,S,1
2019,SEA,4,WR,1
2019,SEA,5,LB,1
2019,SEA,6,DL,1
2019,SEA,6,RB,1
2019,SEA,7,WR,1
2019,SFO,1,DL,1
2019,SFO,2,WR,1
2019,SFO,3,WR,1
2019,SFO,4,P,1
2019,SFO,5,LB,1
2019,SFO,6,DB,1
2019,SFO,6,OL,1
2019,SFO,6,TE,1
2019,TAM,1,LB,1
2019,TAM,2,DB,1
2019,TAM,3,DB,1
2019,TAM,3,S,1
2019,TAM,4,DL,1
2019,TAM,5,K,1
2019,TAM,6,WR,1
2019,TAM,7,DL,1
2019,TEN,1,DL,1
2019,TEN,2,WR,1
2019,TEN,3,OL,1
2019,TEN,4,S,1
2019,TEN,5,LB,1
2019,TEN,6,LB,2
2019,WAS,1,DL,1
2019,WAS,1,QB,1
2019,WAS,3,WR,1
2019,WAS,4,OL,1
2019,WAS,4,RB,1
2019,WAS,5,LB,1
2019,WAS,5,OL,1
2019,WAS,6,WR,1
2019,WAS,7,DB,1
2019,WAS,7,DL,1
